year,CODIGO,NOMBRE,REGION,enrolled,passed,pass_rate
2020.0,3957.0,COLEGIO REPUBLICA DE MEXICO,SAN JOSE CENTRAL,481,476,0.9896049896049897
2020.0,3963.0,UNIDAD PEDAGOGICA JOSE FIDEL TRISTAN,SAN JOSE OESTE,622,619,0.9951768488745981
2020.0,3941.0,LICEO DE SAN JOSE,SAN JOSE OESTE,953,863,0.9055613850996852
2020.0,0.0,CATOLICA ACTIVA,SAN JOSE OESTE,214,214,1.0
2020.0,3942.0,LICEO DEL SUR,SAN JOSE CENTRAL,789,761,0.9645120405576679
2020.0,4154.0,C.T.P. DON BOSCO,SAN JOSE CENTRAL,1270,1268,0.9984251968503937
2020.0,0.0,SAGRADO CORAZON,SAN JOSE CENTRAL,297,297,1.0
2020.0,0.0,SEMINARIO,SAN JOSE CENTRAL,317,315,0.9936908517350158
2020.0,3938.0,COLEGIO SUPERIOR DE SEÑORITAS,SAN JOSE CENTRAL,1018,982,0.9646365422396856
2020.0,3940.0,LICEO DE COSTA RICA,SAN JOSE CENTRAL,801,691,0.8626716604244694
2020.0,0.0,SALESIANO DON BOSCO,SAN JOSE CENTRAL,309,309,1.0
2020.0,3970.0,COLEGIO EL ROSARIO,SAN JOSE CENTRAL,333,333,1.0
2020.0,3947.0,LICEO RODRIGO FACIO BRENES,SAN JOSE CENTRAL,707,658,0.9306930693069307
2020.0,3950.0,LICEO DR. JOSE MARIA CASTRO MADRIZ,SAN JOSE CENTRAL,991,939,0.9475277497477296
2020.0,3964.0,LICEO JULIO FONSECA GUTIERREZ,SAN JOSE OESTE,757,474,0.6261558784676354
2020.0,0.0,DR. JAIM WEIZMAN,SAN JOSE OESTE,65,65,1.0
2020.0,0.0,LA SALLE,SAN JOSE OESTE,421,421,1.0
2020.0,0.0,LOS ANGELES,SAN JOSE OESTE,293,293,1.0
2020.0,0.0,YORKIN,SAN JOSE CENTRAL,51,51,1.0
2020.0,4156.0,C.T.P. EDUCACION COMERCIAL Y DE SERVICIOS,SAN JOSE OESTE,499,498,0.9979959919839679
2020.0,3943.0,LICEO LUIS DOBLES SEGREDA,SAN JOSE OESTE,1503,1482,0.9860279441117764
2020.0,0.0,HUMBOLDT,SAN JOSE OESTE,380,364,0.9578947368421052
2020.0,3968.0,LICEO PAVAS,SAN JOSE OESTE,1266,1247,0.9849921011058452
2020.0,0.0,ADVENTISTA DE COSTA RICA,SAN JOSE CENTRAL,348,348,1.0
2020.0,3956.0,LICEO EDGAR CERVANTES VILLALTA,SAN JOSE CENTRAL,1466,1433,0.9774897680763983
2020.0,3948.0,LICEO ROBERTO BRENES MESEN,SAN JOSE CENTRAL,863,547,0.6338354577056778
2020.0,4157.0,C.T.P. SAN SEBASTIAN,SAN JOSE CENTRAL,725,708,0.976551724137931
2020.0,3986.0,LICEO RICARDO FERNANDEZ GUARDIA,SAN JOSE CENTRAL,1076,1075,0.9990706319702602
2020.0,0.0,COUNTRY DAY SCHOOL,ALAJUELA,277,277,1.0
2020.0,0.0,NUESTRA SEÑORA DEL PILAR,SAN JOSE OESTE,264,264,1.0
2020.0,3952.0,LICEO DE ESCAZU,SAN JOSE OESTE,1876,1801,0.9600213219616205
2020.0,5072.0,COLEGIO DE GRAVILIAS,DESAMPARADOS,601,443,0.7371048252911814
2020.0,3983.0,LICEO DE CALLE FALLAS,DESAMPARADOS,1120,1120,1.0
2020.0,3984.0,COLEGIO NUESTRA SEÑORA,DESAMPARADOS,655,655,1.0
2020.0,3982.0,LICEO MONSEÑOR RUBEN ODIO HERRERA,DESAMPARADOS,1528,1522,0.9960732984293194
2020.0,4159.0,C.T.P. MONSEÑOR SANABRIA,DESAMPARADOS,1016,1016,1.0
2020.0,3985.0,LICEO SAN MIGUEL,DESAMPARADOS,1326,1326,1.0
2020.0,3988.0,LICEO SAN ANTONIO,DESAMPARADOS,1278,1246,0.974960876369327
2020.0,4160.0,C.T.P. JOSE FIGUERES FERRER,DESAMPARADOS,932,919,0.9860515021459227
2020.0,3997.0,LICEO DE PURISCAL,PURISCAL,853,837,0.981242672919109
2020.0,4163.0,C.T.P. DE PURISCAL,PURISCAL,1421,1415,0.995777621393385
2020.0,4165.0,C.T.P. LA GLORIA,PURISCAL,178,178,1.0
2020.0,4057.0,LICEO DE TARRAZU,LOS SANTOS,735,732,0.9959183673469387
2020.0,3989.0,LICEO DE ASERRI,DESAMPARADOS,1700,1655,0.9735294117647059
2020.0,3991.0,LICEO SAN GABRIEL DE ASERRI,DESAMPARADOS,543,522,0.9613259668508287
2020.0,3996.0,LICEO DIURNO CIUDAD COLON,PURISCAL,706,706,1.0
2020.0,3966.0,COLEGIO MADRE DEL DIVINO PASTOR,SAN JOSE NORTE,740,735,0.9932432432432432
2020.0,3945.0,LICEO NAPOLEON QUESADA SALAZAR,SAN JOSE NORTE,1187,1115,0.9393428812131424
2020.0,4155.0,C.T.P. CALLE BLANCOS,SAN JOSE NORTE,725,719,0.9917241379310345
2020.0,0.0,IRIBO,SAN JOSE CENTRAL,31,31,1.0
2020.0,3955.0,LICEO SALVADOR UMANA CASTRO,SAN JOSE NORTE,648,607,0.9367283950617284
2020.0,3959.0,LICEO SANTA ANA,SAN JOSE OESTE,1933,1931,0.9989653388515262
2020.0,3961.0,LICEO ALAJUELITA,SAN JOSE CENTRAL,1636,1500,0.9168704156479217
2020.0,3953.0,LICEO DE CORONADO,SAN JOSE NORTE,762,746,0.979002624671916
2020.0,3954.0,INSTITUTO DE EDUCACION INTEGRAL,SAN JOSE NORTE,119,117,0.9831932773109243
2020.0,4162.0,C.T.P. DE ACOSTA,DESAMPARADOS,1116,1111,0.9955197132616488
2020.0,3946.0,LICEO MAURO FERNANDEZ ACUNA,SAN JOSE NORTE,876,876,1.0
2020.0,0.0,COLEGIO LINCOLN SCHOOL,SAN JOSE NORTE,414,414,1.0
2020.0,0.0,COLEGIO NUESTRA SENORA DE SION,SAN JOSE NORTE,137,137,1.0
2020.0,0.0,SAINT CLARE,SAN JOSE NORTE,483,483,1.0
2020.0,0.0,COLEGIO SAINT FRANCIS,SAN JOSE NORTE,313,313,1.0
2020.0,3958.0,LICEO LABORATORIO EMMA GAMBOA UCR,SAN JOSE NORTE,462,459,0.9935064935064936
2020.0,3965.0,COLEGIO MARIA INMACULADA,SAN JOSE NORTE,361,361,1.0
2020.0,3949.0,LICEO DE MORAVIA,SAN JOSE NORTE,1342,1327,0.988822652757079
2020.0,0.0,COLEGIO CALASANZ,SAN JOSE NORTE,376,376,1.0
2020.0,0.0,ICS INTERNATIONAL CHRISTIAN SCHOOL,HEREDIA,171,171,1.0
2020.0,0.0,COLEGIO METODISTA,SAN JOSE NORTE,308,304,0.987012987012987
2020.0,0.0,COLEGIO MONTERREY CHRISTIAN SCHOOL,SAN JOSE NORTE,264,263,0.9962121212121212
2020.0,3944.0,LICEO JOSE JOAQUIN VARGAS CALVO,SAN JOSE NORTE,1088,1054,0.96875
2020.0,3962.0,COLEGIO CEDROS,SAN JOSE NORTE,689,688,0.9985486211901307
2020.0,3939.0,LICEO ANASTASIO ALFARO,SAN JOSE NORTE,482,481,0.9979253112033195
2020.0,4164.0,C.T.P. DE TURRUBARES,PURISCAL,225,225,1.0
2020.0,4186.0,C.T.P. JOSE DANIEL FLORES,LOS SANTOS,455,454,0.9978021978021978
2020.0,3960.0,LICEO DE CURRIDABAT,SAN JOSE CENTRAL,963,914,0.9491173416407062
2020.0,3951.0,LICEO FRANCO COSTARRICENSE,SAN JOSE CENTRAL,309,308,0.9967637540453075
2020.0,4009.0,LICEO UNESCO,PEREZ ZELEDON,1328,1323,0.9962349397590361
2020.0,4169.0,C.T.P. GENERAL VIEJO,PEREZ ZELEDON,762,757,0.9934383202099738
2020.0,4166.0,C.T.P. SAN ISIDRO,PEREZ ZELEDON,994,990,0.9959758551307847
2020.0,4167.0,C.T.P. PLATANARES,PEREZ ZELEDON,575,565,0.9826086956521739
2020.0,4168.0,C.T.P. DE PEJIBAYE,PEREZ ZELEDON,448,412,0.9196428571428571
2020.0,4188.0,C.T.P. SAN PABLO,LOS SANTOS,691,687,0.9942112879884226
2020.0,4844.0,C.T.P. NOCTURNO CARLOS FALLAS SIBAJA,ALAJUELA,1037,1033,0.996142719382835
2020.0,0.0,PROYECTO EDUCATIVO SURI,SAN JOSE OESTE,104,104,1.0
2020.0,0.0,COLEGIO MARISTA,ALAJUELA,363,361,0.9944903581267218
2020.0,4023.0,COLEGIO EL CARMEN,ALAJUELA,913,873,0.9561883899233297
2020.0,4028.0,COLEGIO REDENTORISTA SAN ALFONSO,ALAJUELA,1033,1033,1.0
2020.0,4171.0,C.T.P. JESUS OCAÑA ROJAS,ALAJUELA,959,957,0.9979144942648592
2020.0,4022.0,COLEGIO GREGORIO JOSE RAMIREZ CASTRO,ALAJUELA,1200,1200,1.0
2020.0,4018.0,INSTITUTO DE ALAJUELA,ALAJUELA,1929,1818,0.942457231726283
2020.0,4024.0,LICEO SAN JOSE,ALAJUELA,1065,1044,0.9802816901408451
2020.0,0.0,INSTITUTO CENTROAMERICANO ADVENTISTA,ALAJUELA,216,216,1.0
2020.0,4025.0,LICEO OTILIO ULATE BLANCO,ALAJUELA,887,874,0.9853438556933484
2020.0,0.0,SAINT PAUL COLLEGE,ALAJUELA,308,308,1.0
2020.0,4027.0,LICEO SAN RAFAEL,ALAJUELA,1431,1350,0.9433962264150944
2020.0,4029.0,LICEO DE TURRUCARES,ALAJUELA,617,608,0.9854132901134521
2020.0,4037.0,LICEO PATRIARCA SAN JOSE,OCCIDENTE,342,341,0.9970760233918129
2020.0,4033.0,INSTITUTO JULIO ACOSTA GARCIA,OCCIDENTE,1093,1037,0.9487648673376029
2020.0,4174.0,C.T.P. PIEDADES SUR,OCCIDENTE,795,793,0.9974842767295597
2020.0,4026.0,COLEGIO MARIA INMACULADA,ALAJUELA,328,328,1.0
2020.0,4020.0,LICEO LEON CORTES CASTRO,ALAJUELA,909,847,0.9317931793179318
2020.0,4173.0,C.T.P. SAN MATEO,ALAJUELA,492,482,0.9796747967479674
2020.0,4019.0,LICEO DE ATENAS MARTHA MIRAMBELL UMAÑA,ALAJUELA,1217,1167,0.9589153656532456
2020.0,4035.0,COLEGIO DE NARANJO,OCCIDENTE,1108,1093,0.9864620938628159
2020.0,4034.0,EXPERIMENTAL BILINGÜE DE PALMARES,OCCIDENTE,1536,1536,1.0
2020.0,4021.0,LICEO DE POAS,ALAJUELA,1144,1144,1.0
2020.0,4172.0,C.T.P. RICARDO CASTRO BEER,ALAJUELA,1345,1306,0.971003717472119
2020.0,4046.0,COLEGIO DIOCESANO PADRE ELADIO SANCHO,SAN CARLOS,399,394,0.9874686716791979
2020.0,4183.0,C.T.P. SAN CARLOS,SAN CARLOS,646,630,0.9752321981424149
2020.0,4045.0,LICEO DE SAN CARLOS,SAN CARLOS,1024,1024,1.0
2020.0,0.0,COLEGIO AGROPECUARIO DE SAN CARLOS,SAN CARLOS,377,375,0.9946949602122016
2020.0,4176.0,C.T.P. NATANIEL ARIAS MURILLO,SAN CARLOS,1668,1580,0.947242206235012
2020.0,4178.0,C.T.P. DE VENECIA,SAN CARLOS,933,917,0.9828510182207931
2020.0,4180.0,C.T.P. DE PITAL,SAN CARLOS,1062,1019,0.9595103578154426
2020.0,4179.0,C.T.P. LA FORTUNA,SAN CARLOS,937,906,0.9669156883671292
2020.0,4182.0,C.T.P. SANTA ROSA,SAN CARLOS,984,976,0.991869918699187
2020.0,4040.0,LICEO DE ALFARO RUIZ,OCCIDENTE,359,353,0.9832869080779945
2020.0,4175.0,C.T.P. FRANCISCO JOSE ORLICH BOLMARCICH,OCCIDENTE,958,952,0.9937369519832986
2020.0,4232.0,C.T.P. UPALA,ZONA NORTE-NORTE,962,962,1.0
2020.0,4177.0,C.T.P. LOS CHILES,SAN CARLOS,774,762,0.9844961240310077
2020.0,4181.0,C.T.P. DE GUATUSO,ZONA NORTE-NORTE,736,734,0.9972826086956522
2020.0,4055.0,COLEGIO SAGRADO CORAZON DE JESUS,CARTAGO,832,828,0.9951923076923077
2020.0,4056.0,UNIDAD PEDAGOGICA RAFAEL HERNANDEZ MADRIZ,CARTAGO,534,520,0.9737827715355806
2020.0,4050.0,LICEO VICENTE LACHNER SANDOVAL,CARTAGO,1178,1178,1.0
2020.0,4051.0,COLEGIO SAN LUIS GONZAGA,CARTAGO,2573,2538,0.9863972017100661
2020.0,4054.0,COLEGIO SERAFICO SAN FRANCISCO,CARTAGO,758,754,0.9947229551451188
2020.0,4184.0,C.T.P. COVAO DIURNO,CARTAGO,733,673,0.9181446111869032
2020.0,0.0,PINDECO,GRANDE DE TERRABA,61,61,1.0
2020.0,4161.0,C.T.P. SAN JUAN SUR,DESAMPARADOS,802,802,1.0
2020.0,4052.0,LICEO DE PARAISO,CARTAGO,1820,1814,0.9967032967032967
2020.0,5082.0,C.T.P. MARIO QUIROS SASSO,CARTAGO,1492,1446,0.9691689008042895
2020.0,4070.0,LICEO HERNAN VARGAS RAMIREZ,TURRIALBA,497,495,0.9959758551307847
2020.0,4069.0,COLEGIO DR. CLODOMIRO PICADO TWIGHT,TURRIALBA,1417,1398,0.9865913902611151
2020.0,4189.0,C.T.P. LA SUIZA,TURRIALBA,903,903,1.0
2020.0,4185.0,C.T.P. DE PACAYAS,CARTAGO,1084,1074,0.9907749077490775
2020.0,4067.0,LICEO BRAULIO CARRILLO COLINA,CARTAGO,1003,974,0.9710867397806581
2020.0,4053.0,COLEGIO ELIAS LEIVA QUIROS,CARTAGO,1594,1573,0.9868255959849436
2020.0,0.0,COLEGIO MARIA AUXILIADORA,HEREDIA,141,141,1.0
2020.0,4085.0,LICEO ING. MANUEL BENAVIDES RODRIGUEZ,HEREDIA,1355,1355,1.0
2020.0,4078.0,LICEO DE HEREDIA,HEREDIA,1341,1234,0.9202087994034303
2020.0,4191.0,C.T.P. DE HEREDIA,HEREDIA,694,694,1.0
2020.0,4089.0,COLEGIO CLARETIANO,HEREDIA,953,953,1.0
2020.0,4077.0,LICEO ING. SAMUEL SAENZ FLORES,HEREDIA,1551,1551,1.0
2020.0,4192.0,C.T.P. DE ULLOA,HEREDIA,977,976,0.9989764585465711
2020.0,4083.0,CONSERVATORIO CASTELLA,HEREDIA,442,428,0.9683257918552036
2020.0,5077.0,COLEGIO RODRIGO HERNANDEZ VARGAS,HEREDIA,934,879,0.9411134903640257
2020.0,4081.0,COLEGIO SANTA MARIA DE GUADALUPE,HEREDIA,1634,1634,1.0
2020.0,4084.0,LICEO DE SANTA BÁRBARA,HEREDIA,1222,1105,0.9042553191489362
2020.0,4088.0,UNIDAD PEDAGOGICA LICEO EL ROBLE,HEREDIA,505,505,1.0
2020.0,4080.0,LICEO ING. CARLOS PASCUA ZUÑIGA,HEREDIA,1262,1258,0.9968304278922345
2020.0,4086.0,LICEO DE SAN ISIDRO,HEREDIA,1159,1157,0.998274374460742
2020.0,4087.0,EXPERIMENTAL BILINGÜE DE BELEN,HEREDIA,1122,1119,0.9973262032085561
2020.0,4079.0,LICEO REGIONAL DE FLORES,HEREDIA,1491,1489,0.9986586183769283
2020.0,4082.0,LICEO MARIO VINDAS SALAZAR,HEREDIA,843,826,0.9798339264531435
2020.0,4193.0,C.T.P. PUERTO VIEJO,SARAPIQUI,1040,1021,0.9817307692307692
2020.0,0.0,SANTA ANA,LIBERIA,337,337,1.0
2020.0,4194.0,C.T.P. LIBERIA,LIBERIA,1257,1154,0.9180588703261734
2020.0,4102.0,INSTITUTO DE GUANACASTE,LIBERIA,1229,1229,1.0
2020.0,4103.0,LICEO LABORATORIO DE LIBERIA,LIBERIA,732,729,0.9959016393442623
2020.0,4198.0,C.T.P. DE NICOYA,NICOYA,886,868,0.9796839729119639
2020.0,4105.0,LICEO DE NICOYA,NICOYA,1112,1109,0.9973021582733813
2020.0,4199.0,C.T.P. LA MANSION,NICOYA,492,492,1.0
2020.0,4200.0,C.T.P. DE CORRALILLO,NICOYA,394,388,0.9847715736040609
2020.0,4108.0,"LICEO SANTA CRUZ, CLIMACO A. PEREZ",SANTA CRUZ,1497,1496,0.9993319973279893
2020.0,4203.0,C.T.P. DE SANTA CRUZ,SANTA CRUZ,385,375,0.974025974025974
2020.0,4202.0,C.T.P. 27 DE ABRIL,SANTA CRUZ,629,629,1.0
2020.0,4205.0,C.T.P. DE CARTAGENA,SANTA CRUZ,507,507,1.0
2020.0,4204.0,C.T.P. SANTA BARBARA,SANTA CRUZ,194,194,1.0
2020.0,4101.0,COLEGIO DE BAGACES,LIBERIA,862,858,0.9953596287703016
2020.0,4195.0,C.T.P. FORTUNA DE BAGACES,LIBERIA,453,453,1.0
2020.0,4201.0,C.T.P. CARRILLO,SANTA CRUZ,725,724,0.9986206896551724
2020.0,4206.0,C.T.P. SARDINAL,SANTA CRUZ,812,812,1.0
2020.0,4111.0,LICEO MIGUEL ARAYA VENEGAS,CAÑAS,918,877,0.9553376906318083
2020.0,4110.0,LICEO MAURILIO ALVARADO VARGAS,CAÑAS,829,808,0.9746682750301568
2020.0,4196.0,C.T.P. NANDAYURE,NICOYA,490,484,0.9877551020408163
2020.0,4100.0,EXPERIMENTAL BILINGÜE DE LA CRUZ,LIBERIA,332,332,1.0
2020.0,4197.0,C.T.P. HOJANCHA,NICOYA,445,437,0.9820224719101124
2020.0,0.0,COLEGIO MONSERRAT,PUNTARENAS,45,45,1.0
2020.0,4116.0,LICEO DIURNO JOSE MARTI,PUNTARENAS,1052,1052,1.0
2020.0,4119.0,LICEO CHACARITA,PUNTARENAS,1007,933,0.9265143992055611
2020.0,4209.0,C.T.P. DE PUNTARENAS,PUNTARENAS,1346,1309,0.9725111441307578
2020.0,4208.0,C.T.P. DE JICARAL,PENINSULAR,618,611,0.988673139158576
2020.0,4210.0,C.T.P. DE PAQUERA,PENINSULAR,378,377,0.9973544973544973
2020.0,4212.0,C.T.P. DE SANTA ELENA,PUNTARENAS,413,413,1.0
2020.0,4211.0,C.T.P. DE COBANO,PENINSULAR,488,467,0.9569672131147541
2020.0,4117.0,LICEO DE ESPARZA,PUNTARENAS,1220,1138,0.9327868852459016
2020.0,4170.0,C.T.P. DE BUENOS AIRES,GRANDE DE TERRABA,807,787,0.9752168525402726
2020.0,4118.0,LICEO DE MIRAMAR,PUNTARENAS,904,904,1.0
2020.0,0.0,COMPLEJO SAN BENEDICTO,SAN JOSE CENTRAL,94,94,1.0
2020.0,4213.0,C.T.P. DE OSA,GRANDE DE TERRABA,518,399,0.7702702702702703
2020.0,5748.0,C.T.P. DE QUEPOS,AGUIRRE,967,937,0.9689762150982419
2020.0,4231.0,C.T.P. DE MATAPALO,AGUIRRE,565,562,0.9946902654867257
2020.0,4214.0,C.T.P. CARLOS MANUEL VICENTE CASTRO,COTO,752,752,1.0
2020.0,4220.0,C.T.P. DE PUERTO JIMENEZ,COTO,560,560,1.0
2020.0,4217.0,C.T.P. GUAYCARA,COTO,872,848,0.9724770642201835
2020.0,4215.0,C.T.P. UMBERTO MELLONI CAMPANINI,COTO,718,718,1.0
2020.0,4216.0,C.T.P. DE SABALITO,COTO,765,758,0.9908496732026144
2020.0,4230.0,C.T.P. DE PARRITA,AGUIRRE,1273,1273,1.0
2020.0,4125.0,LICEO CIUDAD NEILY,COTO,1294,1274,0.9845440494590417
2020.0,4218.0,C.T.P. DE CORREDORES,COTO,868,840,0.967741935483871
2020.0,0.0,CIENTIFICO DE COSTA RICA DE PEREZ ZELEDON -UNA-,PEREZ ZELEDON,47,47,1.0
2020.0,4221.0,C.T.P. DE LIMON,LIMON,1444,1405,0.9729916897506925
2020.0,4224.0,C.T.P. VALLE LA ESTRELLA,LIMON,952,946,0.9936974789915967
2020.0,4134.0,LICEO MARIO BOURNE BOURNE,LIMON,1110,1106,0.9963963963963964
2020.0,4133.0,COLEGIO DE LIMON,LIMON,1642,1642,1.0
2020.0,4227.0,C.T.P. DE POCOCÍ,GUAPILES,2026,1994,0.9842053307008884
2020.0,4226.0,C.T.P. PADRE ROBERTO EVANS,LIMON,1471,1191,0.8096532970768185
2020.0,4223.0,C.T.P. DE TALAMANCA,SULA,1189,1189,1.0
2020.0,4222.0,C.T.P. DE BATAAN,LIMON,1446,1438,0.9944674965421854
2020.0,4228.0,C.T.P. GUÁCIMO,GUAPILES,1199,882,0.7356130108423686
2020.0,0.0,LABORATORIO DEL C.U.P.,PUNTARENAS,89,89,1.0
2020.0,4092.0,LICEO LOS LAGOS,HEREDIA,713,663,0.9298737727910238
2020.0,4090.0,LICEO SANTO DOMINGO,HEREDIA,1486,1485,0.9993270524899058
2020.0,0.0,SEK DE COSTA RICA,SAN JOSE CENTRAL,217,217,1.0
2020.0,0.0,WEST COLLEGE,SAN JOSE OESTE,71,71,1.0
2020.0,0.0,ACADEMIA TEOCALI,LIBERIA,81,81,1.0
2020.0,4000.0,UNIDAD PEDAGOGICA DR. RAFAEL ANGEL CALDERON G.,PEREZ ZELEDON,343,338,0.9854227405247813
2020.0,0.0,EL ESPIRITU SANTO,SANTA CRUZ,136,136,1.0
2020.0,0.0,CARIBBEAN SCHOOL,LIMON,117,115,0.9829059829059829
2020.0,0.0,CIENTIFICO COSTARRICENSE DE SAN PEDRO,SAN JOSE NORTE,46,46,1.0
2020.0,4120.0,LICEO ANTONIO OBANDO CHAN,PUNTARENAS,1056,960,0.9090909090909091
2020.0,0.0,AMERICAN INTERNACIONAL SCHOOL,HEREDIA,69,69,1.0
2020.0,0.0,COLEGIO CRISTIANO ASAMBLEAS DE DIOS,SAN JOSE NORTE,60,48,0.8
2020.0,0.0,CENTRO EDUCATIVO SAN MARCOS,LIMON,75,74,0.9866666666666667
2020.0,0.0,CIENTIFICO DE COSTA RICA DE CARTAGO -TEC-,CARTAGO,53,53,1.0
2020.0,0.0,INSTITUTO DE DESARROLLO DE INTELIGENCIA,SAN JOSE CENTRAL,93,93,1.0
2020.0,0.0,SAINT JOHN BAPTIST,ALAJUELA,252,252,1.0
2020.0,4229.0,C.T.P. DE JACO,AGUIRRE,1227,1198,0.9763651181744091
2020.0,3975.0,UNIDAD PEDAGOGICA JOSE RAFAEL ARAYA ROJAS,SAN JOSE NORTE,867,765,0.8823529411764706
2020.0,4141.0,LICEO DE CARIARI,GUAPILES,1596,1476,0.924812030075188
2020.0,0.0,COLEGIO BILINGÜE SAN RAMON,OCCIDENTE,112,112,1.0
2020.0,4036.0,COLEGIO VALLE AZUL,OCCIDENTE,485,481,0.9917525773195877
2020.0,0.0,CIENTIFICO DE COSTA RICA DE SAN RAMON -UCR-,OCCIDENTE,39,39,1.0
2020.0,0.0,ILPPAL,SAN JOSE OESTE,100,100,1.0
2020.0,0.0,COLEGIO LAS AMERICAS,SAN JOSE NORTE,234,234,1.0
2020.0,0.0,OASIS DE ESPERANZA,SAN JOSE NORTE,37,37,1.0
2020.0,0.0,COLEGIO MONT BERKELEY INTERNACIONAL,SAN JOSE NORTE,35,35,1.0
2020.0,4010.0,LICEO SAN PEDRO,PEREZ ZELEDON,468,468,1.0
2020.0,4093.0,COLEGIO LA AURORA,HEREDIA,626,626,1.0
2020.0,4001.0,UNIDAD PEDAGOGICA JOSE BREINDERHOFF,PEREZ ZELEDON,102,102,1.0
2020.0,4003.0,LICEO EL CARMEN,GRANDE DE TERRABA,189,184,0.9735449735449735
2020.0,4002.0,LICEO POTRERO GRANDE,GRANDE DE TERRABA,197,197,1.0
2020.0,4030.0,EXPERIMENTAL BILINGUE DE GRECIA,ALAJUELA,487,487,1.0
2020.0,0.0,MARIA INMACULADA,LIMON,249,249,1.0
2020.0,4132.0,LICEO MARYLAND,LIMON,375,375,1.0
2020.0,4135.0,COLEGIO SULÁYÖM,SULA,233,233,1.0
2020.0,0.0,COLEGIO BILINGÜE SAN FRANCISCO DE ASÍS,GUAPILES,172,172,1.0
2020.0,4066.0,EXPERIMENTAL BILINGÜE DE CARTAGO,CARTAGO,744,738,0.9919354838709677
2020.0,4058.0,LICEO DE COT,CARTAGO,674,672,0.9970326409495549
2020.0,0.0,BILINGÜE SAN AGUSTIN,OCCIDENTE,145,144,0.993103448275862
2020.0,4151.0,LICEO SAN JOSE,ZONA NORTE-NORTE,385,382,0.9922077922077922
2020.0,0.0,BILINGÜE DEL VALLE,SAN JOSE OESTE,25,24,0.96
2020.0,3971.0,UNIDAD PEDAGOGICA CUATRO REINAS,SAN JOSE OESTE,251,248,0.9880478087649402
2020.0,4158.0,C.T.P. DOS CERCAS,DESAMPARADOS,1089,1086,0.9972451790633609
2020.0,3990.0,LICEO DE FRAILES,DESAMPARADOS,222,209,0.9414414414414415
2020.0,0.0,SAN LORENZO,SAN JOSE NORTE,62,62,1.0
2020.0,0.0,SAINT GREGORY,SAN JOSE NORTE,109,109,1.0
2020.0,0.0,CIENTIFICO DE COSTA RICA DE GUANACASTE -UCR-,LIBERIA,53,53,1.0
2020.0,4113.0,LICEO DE COLORADO,CAÑAS,427,427,1.0
2020.0,0.0,SANTA FE PACIFIC,ALAJUELA,68,68,1.0
2020.0,4857.0,C.T.P. COVAO NOCTURNO,CARTAGO,547,511,0.9341864716636198
2020.0,0.0,SAGRADA REINA DE LOS ANGELES,SAN JOSE CENTRAL,196,196,1.0
2020.0,0.0,VALLE AZUL-HORARIO DIFERENCIADO,SAN JOSE OESTE,117,117,1.0
2020.0,0.0,COLEGIO ISAAC MARTIN,SAN JOSE NORTE,135,135,1.0
2020.0,4095.0,LICEO LA VIRGEN,SARAPIQUI,731,728,0.9958960328317373
2020.0,4076.0,SAN JOSE DE LA MONTAÑA,HEREDIA,646,615,0.9520123839009288
2020.0,4123.0,LICEO COMTE,COTO,378,365,0.9656084656084656
2020.0,4071.0,LICEO TUCURRIQUE,TURRIALBA,361,359,0.9944598337950139
2020.0,4060.0,COLEGIO SAN FRANCISCO,CARTAGO,962,923,0.9594594594594594
2020.0,4121.0,LICEO DE CHOMES,PUNTARENAS,489,482,0.9856850715746421
2020.0,0.0,COLEGIO SANTA TERESA,ALAJUELA,127,127,1.0
2020.0,4065.0,COLEGIO ALEJANDRO QUESADA R.,CARTAGO,863,845,0.9791425260718424
2020.0,0.0,SAN MIGUEL ARCANGEL,DESAMPARADOS,312,312,1.0
2020.0,4122.0,LICEO DE CHIRA,PUNTARENAS,182,182,1.0
2020.0,0.0,PAN AMERICAN SCHOOL,SAN JOSE OESTE,170,170,1.0
2020.0,3973.0,EXPERIMENTAL BILINGUE LA TRINIDAD,SAN JOSE NORTE,603,602,0.9983416252072969
2020.0,0.0,INTERNACIONAL CANADIENSE,SAN JOSE CENTRAL,85,85,1.0
2020.0,0.0,BILINGÜE INTERNACIONAL,SAN JOSE OESTE,30,30,1.0
2020.0,0.0,CRISTIANA LIBERTAD,SAN JOSE NORTE,57,57,1.0
2020.0,4825.0,NOCTURNO BRAULIO CARRILLO COLINA,SAN JOSE NORTE,202,193,0.9554455445544554
2020.0,4824.0,NOCTURNO DE HATILLO,SAN JOSE CENTRAL,490,388,0.7918367346938775
2020.0,4837.0,NOCTURNO DESAMPARADOS,DESAMPARADOS,1115,950,0.852017937219731
2020.0,4888.0,NOCTURNO LA CUESTA,COTO,552,493,0.8931159420289855
2020.0,4822.0,NOCTURNO JOSE JOAQUIN JIMENEZ NUNEZ,SAN JOSE NORTE,818,609,0.7444987775061125
2020.0,4838.0,NOCTURNO DE PURISCAL,PURISCAL,310,275,0.8870967741935484
2020.0,4839.0,NOCTURNO DE CIUDAD COLON,PURISCAL,249,188,0.7550200803212851
2020.0,4840.0,NOCTURNO DE PEREZ ZELEDON,PEREZ ZELEDON,949,706,0.743940990516333
2020.0,4848.0,NOCTURNO DE PALMARES,OCCIDENTE,666,496,0.7447447447447447
2020.0,4842.0,NOCTURNO MIGUEL OBREGON LIZANO,ALAJUELA,1309,1127,0.8609625668449198
2020.0,4843.0,NOCTURNO DE GRECIA,ALAJUELA,598,413,0.6906354515050167
2020.0,4849.0,NOCTURNO JULIAN VOLIO LLORENTE,OCCIDENTE,657,585,0.8904109589041096
2020.0,4850.0,NOCTURNO DE NARANJO,OCCIDENTE,774,767,0.9909560723514211
2020.0,4853.0,NOCTURNO DE CARTAGO,CARTAGO,1678,1656,0.9868891537544696
2020.0,4855.0,NOCTURNO DE LA UNION,CARTAGO,954,887,0.929769392033543
2020.0,4859.0,NOCTURNO PBRO. ENRIQUE MENZEL,TURRIALBA,628,590,0.9394904458598726
2020.0,4860.0,NOCTURNO ALFREDO GONZÁLEZ FLORES,HEREDIA,1166,583,0.5
2020.0,4861.0,NOCTURNO HERMAN LOPEZ HERNANDEZ,HEREDIA,368,314,0.8532608695652174
2020.0,4862.0,NOCTURNO DE RIO FRIO,SARAPIQUI,848,820,0.9669811320754716
2020.0,4869.0,NOCTURNO DE LIBERIA,LIBERIA,746,436,0.5844504021447721
2020.0,4871.0,NOCTURNO DE NICOYA,NICOYA,252,233,0.9246031746031746
2020.0,4872.0,NOCTURNO DE SANTA CRUZ,SANTA CRUZ,228,228,1.0
2020.0,4875.0,NOCTURNO JUAN SANTAMARIA,CAÑAS,518,473,0.9131274131274131
2020.0,0.0,NOCTURNO CALASANZ,SAN JOSE NORTE,77,75,0.974025974025974
2020.0,4877.0,NOCTURNO JOSE MARTI,PUNTARENAS,236,230,0.9745762711864406
2020.0,4878.0,NOCTURNO DE ESPARZA,PUNTARENAS,250,247,0.988
2020.0,4131.0,LICEO DE MATINA,LIMON,444,444,1.0
2020.0,4124.0,LICEO PACIFICO SUR,GRANDE DE TERRABA,775,769,0.9922580645161291
2020.0,3972.0,LICEO MARIA AUXILIADORA,SAN JOSE OESTE,629,629,1.0
2020.0,4882.0,NOCTURNO DE GOLFITO,COTO,243,211,0.8683127572016461
2020.0,4129.0,LICEO SIXAOLA,LIMON,192,192,1.0
2020.0,4881.0,NOCTURNO DE CIUDAD NEILY,COTO,715,715,1.0
2020.0,4889.0,NOCTURNO DE LIMON,LIMON,913,891,0.9759036144578314
2020.0,4128.0,LICEO RIO BANANO,LIMON,345,345,1.0
2020.0,4225.0,COLEGIO DEPORTIVO DE LIMON,LIMON,308,308,1.0
2020.0,4893.0,NOCTURNO DE POCOCÍ,GUAPILES,900,617,0.6855555555555556
2020.0,0.0,DEL VALLE,PEREZ ZELEDON,99,99,1.0
2020.0,4883.0,NOCTURNO DE SAN VITO,COTO,515,515,1.0
2020.0,4127.0,EXPERIMENTAL BILINGÜE DE AGUA BUENA,COTO,599,599,1.0
2020.0,4096.0,COLEGIO FELIPE PÉREZ PEREZ,LIBERIA,701,432,0.6162624821683309
2020.0,0.0,COLEGIO ENRIQUE MALAVASSI VARGAS,SAN JOSE NORTE,115,115,1.0
2020.0,4142.0,EXPERIMENTAL BILINGÜE DE POCOCÍ,GUAPILES,717,717,1.0
2020.0,0.0,CIENTIFICO DE COSTA RICA DE SAN CARLOS -TEC-,SAN CARLOS,50,50,1.0
2020.0,4150.0,LICEO BIJAGUA,ZONA NORTE-NORTE,373,373,1.0
2020.0,0.0,COLEGIO ANGLOAMERICANO,SAN JOSE NORTE,304,304,1.0
2020.0,4007.0,COLEGIO LA ASUNCION,PEREZ ZELEDON,327,327,1.0
2020.0,4894.0,NOCTURNO DE GUÁCIMO,GUAPILES,355,355,1.0
2020.0,4008.0,LICEO FERNANDO VOLIO JIMENEZ,PEREZ ZELEDON,1102,1093,0.9918330308529946
2020.0,4107.0,EXPERIMENTAL BILINGÜE DE SANTA CRUZ,SANTA CRUZ,559,559,1.0
2020.0,0.0,CRISTIANO BILINGÜE LA PALABRA DE VIDA,ALAJUELA,86,86,1.0
2020.0,0.0,VILASECA,HEREDIA,125,125,1.0
2020.0,0.0,EUROPEO,HEREDIA,170,170,1.0
2020.0,0.0,SANTA INES,HEREDIA,193,193,1.0
2020.0,0.0,SAINT GEORGE HIGH SCHOOL,SAN JOSE CENTRAL,153,153,1.0
2020.0,0.0,MIRAVALLE,CARTAGO,300,300,1.0
2020.0,0.0,ADVENTISTA DE LIMON,LIMON,101,101,1.0
2020.0,3993.0,LICEO DE SABANILLAS,DESAMPARADOS,189,188,0.9947089947089947
2020.0,4114.0,EXPERIMENTAL BILINGÜE DE NUEVO ARENAL,CAÑAS,205,205,1.0
2020.0,0.0,JORGE DEBRAVO,TURRIALBA,60,60,1.0
2020.0,4072.0,LICEO SANTA TERESITA,TURRIALBA,343,342,0.9970845481049563
2020.0,0.0,GREEN VALLEY,GUAPILES,93,93,1.0
2020.0,4145.0,LICEO LA RITA,GUAPILES,599,599,1.0
2020.0,4138.0,LICEO DE TICABÁN,GUAPILES,369,366,0.991869918699187
2020.0,4099.0,COLEGIO SANTA CECILIA,LIBERIA,370,369,0.9972972972972973
2020.0,4042.0,LICEO DE FLORENCIA,SAN CARLOS,697,668,0.9583931133428981
2020.0,4041.0,LICEO SUCRE,SAN CARLOS,328,328,1.0
2020.0,0.0,SAN GERARDO,ALAJUELA,238,238,1.0
2020.0,0.0,EAST SIDE HIGH SCHOOL,ALAJUELA,103,103,1.0
2020.0,4012.0,LICEO CARRILLOS DE POAS,ALAJUELA,631,625,0.9904912836767037
2020.0,3998.0,COLEGIO DE TABARCIA,PURISCAL,295,281,0.9525423728813559
2020.0,4104.0,COLEGIO BOCAS DE NOSARA,NICOYA,371,371,1.0
2020.0,0.0,NUESTRA SEÑORA DE LOURDES,HEREDIA,94,94,1.0
2020.0,4148.0,LICEO AGUAS CLARAS,ZONA NORTE-NORTE,180,179,0.9944444444444445
2020.0,4149.0,LICEO KATIRA,ZONA NORTE-NORTE,443,443,1.0
2020.0,4147.0,LICEO BRASILIA,ZONA NORTE-NORTE,123,123,1.0
2020.0,3979.0,LICEO TEODORO PICADO,SAN JOSE CENTRAL,968,902,0.9318181818181818
2020.0,3977.0,LICEO SAN ANTONIO,SAN JOSE NORTE,766,743,0.9699738903394256
2020.0,0.0,BILINGÜE LA SABANA,SAN JOSE OESTE,29,29,1.0
2020.0,0.0,C.E.I. SAN JORGE,SAN JOSE NORTE,54,51,0.9444444444444444
2020.0,0.0,CAMPESTRE,SAN JOSE NORTE,98,96,0.9795918367346939
2020.0,0.0,BILINGÜE JORGE VOLIO JIMENEZ,CARTAGO,287,287,1.0
2020.0,4061.0,LICEO DE CORRALILLO,CARTAGO,246,243,0.9878048780487805
2020.0,4064.0,COLEGIO FRANCISCA CARRASCO JIMENEZ,CARTAGO,708,680,0.96045197740113
2020.0,0.0,FORMATIVO NUEVO MILENIO,ALAJUELA,121,121,1.0
2020.0,4004.0,LICEO BORUCA,GRANDE DE TERRABA,140,140,1.0
2020.0,0.0,SAINT PETERS HIGH SCHOOL,SAN JOSE CENTRAL,99,99,1.0
2020.0,0.0,SANT VALENTINE,SAN JOSE CENTRAL,39,30,0.7692307692307693
2020.0,0.0,CENTRO INTEGRAL DE EDUCACION PRIVADA,HEREDIA,113,113,1.0
2020.0,0.0,COLEGIO VICTORIA SCHOOL,SAN JOSE NORTE,143,143,1.0
2020.0,4144.0,COLEGIO DE JIMÉNEZ,GUAPILES,833,833,1.0
2020.0,4143.0,LICEO DUACARÍ,GUAPILES,292,260,0.8904109589041096
2020.0,0.0,ATLANTIC COLLEGE,LIMON,33,31,0.9393939393939394
2020.0,4059.0,LICEO SAN DIEGO,CARTAGO,729,647,0.887517146776406
2020.0,4047.0,LICEO CHACHAGUA,OCCIDENTE,569,565,0.9929701230228472
2020.0,4043.0,LICEO PAVON,SAN CARLOS,519,478,0.9210019267822736
2020.0,0.0,SANTA SOFÍA COLEGIO BILINGÜE,PUNTARENAS,96,96,1.0
2020.0,4015.0,COLEGIO AMBIENTALISTA EL ROBLE,ALAJUELA,987,828,0.8389057750759878
2020.0,4013.0,COLEGIO TUETAL NORTE,ALAJUELA,496,496,1.0
2020.0,4014.0,LICEO SAN ROQUE,ALAJUELA,663,663,1.0
2020.0,4112.0,COLEGIO SAN RAFAEL,CAÑAS,158,158,1.0
2020.0,6475.0,NOCTURNO DE BAGACES,LIBERIA,395,371,0.9392405063291139
2020.0,5079.0,LICEO VILLARREAL,SANTA CRUZ,759,757,0.997364953886693
2020.0,0.0,MOUNT HOUSE SCHOOL,HEREDIA,40,38,0.95
2020.0,0.0,COLEGIO YURUSTI,HEREDIA,179,177,0.9888268156424581
2020.0,4137.0,LICEO LA ALEGRIA,LIMON,540,540,1.0
2020.0,4032.0,LICEO NUESTRA SEÑORA DE LOS ANGELES,OCCIDENTE,829,820,0.9891435464414958
2020.0,4106.0,LICEO SAN FRANCISCO DE COYOTE,NICOYA,174,174,1.0
2020.0,0.0,CATOLICO SAN AMBROSIO,NICOYA,135,135,1.0
2020.0,3978.0,COLEGIO RINCON GRANDE,SAN JOSE OESTE,1430,1430,1.0
2020.0,0.0,ANGEL HIGH SCHOOL,SAN JOSE CENTRAL,43,43,1.0
2020.0,0.0,ROYAL,SAN JOSE OESTE,30,30,1.0
2020.0,4044.0,LICEO SANTA RITA,SAN CARLOS,540,488,0.9037037037037037
2020.0,4011.0,LICEO DE SANTA GERTRUDIS,ALAJUELA,766,761,0.9934725848563969
2020.0,0.0,COLEGIO BENJAMÍN FRANKLIN,HEREDIA,77,77,1.0
2020.0,0.0,INSTITUTO CIENTIFICO SAN MARCOS,ALAJUELA,37,37,1.0
2020.0,4098.0,COLEGIO CAÑAS DULCES,LIBERIA,275,269,0.9781818181818182
2020.0,0.0,EUPI,NICOYA,45,45,1.0
2020.0,4126.0,COLEGIO REPUBLICA DE ITALIA,COTO,208,208,1.0
2020.0,0.0,BILINGUE INMACULADA DE JACO,AGUIRRE,108,108,1.0
2020.0,4038.0,EXPERIMENTAL BILINGÜE DE NARANJO,OCCIDENTE,556,556,1.0
2020.0,4130.0,LICEO RODRIGO SOLANO QUIROS,LIMON,443,443,1.0
2020.0,0.0,CENTRO EDUCATIVO SAN FRANCISCO,SAN CARLOS,91,91,1.0
2020.0,0.0,SAN ANTONIO DE PADUA,SAN JOSE CENTRAL,68,60,0.8823529411764706
2020.0,0.0,SAN DIEGO,ALAJUELA,110,110,1.0
2020.0,3999.0,LICEO SINAI,PEREZ ZELEDON,713,712,0.9985974754558204
2020.0,0.0,ACADEMIA DE LA TECNOLOGIA MODERNA,ALAJUELA,44,44,1.0
2020.0,4031.0,LICEO DE TAMBOR,ALAJUELA,457,457,1.0
2020.0,0.0,BILINGÜE SANTA JOSEFINA,ALAJUELA,76,76,1.0
2020.0,0.0,COLEGIO SAN RAFAEL-ATENAS,ALAJUELA,39,39,1.0
2020.0,0.0,CATOLICO EULOGIO LOPEZ OBANDO,CAÑAS,104,104,1.0
2020.0,0.0,"NUEVA GENERACION ""EL COPEY""",HEREDIA,197,197,1.0
2020.0,0.0,SAINT VINCENT,HEREDIA,52,52,1.0
2020.0,4075.0,COLEGIO AMBIENTALISTA DE PEJIBAYE,TURRIALBA,326,326,1.0
2020.0,4073.0,EXPERIMENTAL BILINGÜE DE TURRIALBA,TURRIALBA,245,244,0.9959183673469387
2020.0,4074.0,LICEO TRES EQUIS,TURRIALBA,405,400,0.9876543209876543
2020.0,0.0,FATHER´S HOME,SAN JOSE NORTE,60,60,1.0
2020.0,0.0,GRAYMAR SCHOOL,SAN JOSE CENTRAL,248,248,1.0
2020.0,5536.0,COLEGIO BARRA DE COLORADO,GUAPILES,75,72,0.96
2020.0,5176.0,LICEO RURAL BARRA DE TORTUGUERO,GUAPILES,135,132,0.9777777777777777
2020.0,5316.0,LICEO CAPITAN RAMON RIVAS,LIMON,346,333,0.9624277456647399
2020.0,5171.0,LICEO RURAL GAVILÁN,SULA,126,124,0.9841269841269841
2020.0,5142.0,LICEO RURAL SAN JORGE,SAN CARLOS,142,137,0.9647887323943662
2020.0,5144.0,LICEO RURAL PONGOLA,SARAPIQUI,43,43,1.0
2020.0,5146.0,LICEO RURAL EL CONCHO,SAN CARLOS,49,49,1.0
2020.0,5156.0,LICEO RURAL GRANO DE ORO,TURRIALBA,172,169,0.9825581395348837
2020.0,5133.0,LICEO RURAL LOS ANGELES DE PARAMO,PEREZ ZELEDON,79,71,0.8987341772151899
2020.0,0.0,COMPLEMENTARIA CAHUITA,LIMON,18,18,1.0
2020.0,5300.0,LICEO LAS ESPERANZAS,PEREZ ZELEDON,137,137,1.0
2020.0,5073.0,LICEO LA UVITA,PEREZ ZELEDON,313,300,0.9584664536741214
2020.0,5299.0,LICEO CANAAN,PEREZ ZELEDON,166,166,1.0
2020.0,5134.0,COLEGIO SANTA EDUVIGES,GRANDE DE TERRABA,106,106,1.0
2020.0,5136.0,COLEGIO DE UJARRÁS,GRANDE DE TERRABA,124,122,0.9838709677419355
2020.0,5163.0,LICEO RURAL JOSE LUIS JIMENEZ ALCALA,SANTA CRUZ,67,67,1.0
2020.0,5162.0,LICEO RURAL OSTIONAL,SANTA CRUZ,63,63,1.0
2020.0,5145.0,LICEO RURAL SAN JOAQUIN DE CUTRIS,SAN CARLOS,96,96,1.0
2020.0,5167.0,LICEO RURAL BAHIA DRAKE,GRANDE DE TERRABA,107,106,0.9906542056074766
2020.0,5159.0,LICEO SAMARA,NICOYA,181,180,0.994475138121547
2020.0,5152.0,LICEO VERACRUZ,ZONA NORTE-NORTE,143,142,0.993006993006993
2020.0,5303.0,LICEO CAPITAN MANUEL QUIROS,SAN CARLOS,173,170,0.9826589595375722
2020.0,4913.0,LICEO DOS RIOS,ZONA NORTE-NORTE,73,73,1.0
2020.0,5166.0,LICEO FINCA ALAJUELA,GRANDE DE TERRABA,265,264,0.9962264150943396
2020.0,0.0,MADRE DEL DIVINO PASTOR,COTO,115,115,1.0
2020.0,4139.0,LICEO DE POCORA,GUAPILES,568,557,0.9806338028169014
2020.0,4140.0,LICEO AMBIENTALISTA LLANO BONITO,GUAPILES,398,397,0.9974874371859297
2020.0,0.0,SAINT JOHN BAPTIST HIGH SCHOOL,SAN JOSE NORTE,56,56,1.0
2020.0,0.0,COLEGIO SAN ENRIQUE DE OSSO,SAN JOSE NORTE,86,86,1.0
2020.0,5170.0,LICEO RURAL BARRA PARISMINA,LIMON,34,34,1.0
2020.0,5173.0,LICEO RURAL CAHUITA,LIMON,150,135,0.9
2020.0,5683.0,UNIDAD PEDAGOGICA RIO CUBA,LIMON,338,336,0.9940828402366864
2020.0,0.0,GREEN FOREST SCHOOL,SAN CARLOS,50,49,0.98
2020.0,5532.0,LICEO BOCA DE ARENAL,SAN CARLOS,500,483,0.966
2020.0,5151.0,LICEO BUENOS AIRES DE POCOSOL,SAN CARLOS,151,151,1.0
2020.0,5318.0,LICEO CORONEL MANUEL ARGÜELLO,PURISCAL,98,98,1.0
2020.0,4039.0,COLEGIO DR. RICARDO MORENO CAÑAS,OCCIDENTE,530,502,0.9471698113207547
2020.0,0.0,COLEGIO CEBITT INTERNACIONAL,CARTAGO,143,143,1.0
2020.0,4049.0,LICEO MANUEL EMILIO RODRIGUEZ,CARTAGO,526,526,1.0
2020.0,5132.0,COLEGIO MAÍZ DE LOS UVA,GRANDE DE TERRABA,124,124,1.0
2020.0,5531.0,LICEO CONCEPCIÓN,GRANDE DE TERRABA,123,123,1.0
2020.0,5125.0,LICEO RURAL CHÁNGUENA,GRANDE DE TERRABA,131,117,0.8931297709923665
2020.0,5530.0,LICEO SAN FRANCISCO,PEREZ ZELEDON,275,274,0.9963636363636363
2020.0,5301.0,LICEO PLATANILLO DE BARU,PEREZ ZELEDON,217,216,0.9953917050691244
2020.0,5161.0,LICEO RURAL LA ESPERANZA,SANTA CRUZ,54,54,1.0
2020.0,4109.0,LICEO BELEN,SANTA CRUZ,515,515,1.0
2020.0,5155.0,LICEO RURAL PACAYITAS,TURRIALBA,101,101,1.0
2020.0,5165.0,LICEO RURAL ISLA VENADO,PENINSULAR,97,97,1.0
2020.0,4915.0,LICEO RURAL CABECERAS,CAÑAS,86,86,1.0
2020.0,5139.0,LICEO  POASITO,ALAJUELA,274,266,0.9708029197080292
2020.0,5178.0,LICEO LAS DELICIAS,ZONA NORTE-NORTE,322,322,1.0
2020.0,5707.0,COLEGIO ACADEMICO DE COSTA DE PAJAROS,PUNTARENAS,255,250,0.9803921568627451
2020.0,5121.0,LICEO RURAL LAS CEIBAS,DESAMPARADOS,88,87,0.9886363636363636
2020.0,0.0,HUMANISTICO COSTARRICENSE-CAMPUS HEREDIA,HEREDIA,121,121,1.0
2020.0,4190.0,C.T.P. DE FLORES,HEREDIA,436,430,0.9862385321100917
2020.0,0.0,SAINT GABRIEL,SAN JOSE NORTE,130,130,1.0
2020.0,0.0,COLEGIO BILINGÜE NUEVA ESPERANZA,HEREDIA,462,462,1.0
2020.0,0.0,CRISTIANO REFORMADO,SAN JOSE NORTE,91,88,0.967032967032967
2020.0,0.0,SAINT MARY HIGH SCHOOL,SAN JOSE OESTE,124,124,1.0
2020.0,0.0,NUEVO MUNDO,SAN JOSE CENTRAL,47,47,1.0
2020.0,0.0,SANCTI SPIRITUS,PUNTARENAS,180,180,1.0
2020.0,0.0,CAMINANTES,ALAJUELA,32,32,1.0
2020.0,0.0,SISTEMA EDUCATIVO WHITMAN-PINARES-,SAN JOSE CENTRAL,131,131,1.0
2020.0,0.0,THE SUMMIT SCHOOL,SAN JOSE NORTE,23,23,1.0
2020.0,3980.0,LICEO HERNAN ZAMORA ELIZONDO,SAN JOSE NORTE,849,838,0.9870435806831567
2020.0,5197.0,UNIDAD PEDAGÓGICA CASA HOGAR,GUAPILES,146,144,0.9863013698630136
2020.0,5288.0,LICEO RURAL MANZANILLO,PUNTARENAS,98,97,0.9897959183673469
2020.0,4097.0,COLEGIO JOSÉ MARÍA GUTIÉRREZ,LIBERIA,241,241,1.0
2020.0,5154.0,LICEO RURAL SAN JOAQUIN,TURRIALBA,113,113,1.0
2020.0,4115.0,LICEO EMILIANO ODIO MADRIGAL,PUNTARENAS,859,859,1.0
2020.0,5137.0,LICEO LA GUACIMA,ALAJUELA,699,693,0.9914163090128756
2020.0,5080.0,COLEGIO JORGE VOLIO JIMENEZ,COTO,225,224,0.9955555555555555
2020.0,5289.0,LICEO RURAL DE CEDRAL,PUNTARENAS,112,112,1.0
2020.0,5177.0,LICEO RURAL EL PORVENIR,ZONA NORTE-NORTE,71,71,1.0
2020.0,0.0,ECOTURISTICO DEL  PACIFICO,AGUIRRE,83,83,1.0
2020.0,5075.0,LICEO FRANCISCO AMIGUETTE HERRERA,SAN CARLOS,359,354,0.9860724233983287
2020.0,5076.0,LICEO GASTON PERALTA CARRANZA,SAN CARLOS,518,516,0.9961389961389961
2020.0,5150.0,LICEO SAN MARCOS,SAN CARLOS,125,125,1.0
2020.0,5148.0,LICEO RURAL SAN RAFAEL,SAN CARLOS,47,47,1.0
2020.0,5149.0,LICEO RURAL MEDIO QUESO,SAN CARLOS,177,177,1.0
2020.0,4048.0,LICEO ENRIQUE GUIER SAENZ,CARTAGO,533,531,0.9962476547842402
2020.0,3995.0,LICEO JOAQUIN GUTIERREZ MANGEL,DESAMPARADOS,750,746,0.9946666666666667
2020.0,5347.0,LICEO RURAL BUENA VISTA,PEREZ ZELEDON,114,114,1.0
2020.0,5297.0,COLEGIO LA PALMA,COTO,320,318,0.99375
2020.0,5350.0,LICEO SABANILLAS,COTO,279,274,0.982078853046595
2020.0,5317.0,LICEO CANALETE,ZONA NORTE-NORTE,358,356,0.994413407821229
2020.0,4068.0,LICEO LLANO BONITO,LOS SANTOS,126,125,0.9920634920634921
2020.0,0.0,SAN EDUARDO BILINGÜE,CARTAGO,34,34,1.0
2020.0,4006.0,LICEO YOLANDA OREAMUNO UNGER,GRANDE DE TERRABA,176,174,0.9886363636363636
2020.0,5294.0,LICEO RURAL USEKLA,SULA,76,75,0.9868421052631579
2020.0,5129.0,LICEO RURAL EL JARDIN,PEREZ ZELEDON,76,76,1.0
2020.0,5128.0,LICEO RURAL RIO NUEVO,PEREZ ZELEDON,81,81,1.0
2020.0,4916.0,NOCTURNO CARLOS MELENDEZ CHAVERRI,HEREDIA,631,596,0.9445324881141046
2020.0,5168.0,LICEO RURAL BOCA DE SIERPE,GRANDE DE TERRABA,154,154,1.0
2020.0,5131.0,LICEO CONCEPCION DANIEL FLORES,PEREZ ZELEDON,245,245,1.0
2020.0,5302.0,LICEO LOS ANGELES,SAN CARLOS,244,241,0.9877049180327869
2020.0,5293.0,LICEO RURAL BOCA TAPADA,SAN CARLOS,62,62,1.0
2020.0,5304.0,LICEO NICOLAS AGUILAR MURILLO,SAN CARLOS,318,317,0.9968553459119497
2020.0,0.0,SAINT NICHOLAS OF FLÜE SCHOOL,HEREDIA,86,86,1.0
2020.0,0.0,KAMUK SCHOOL,SAN JOSE NORTE,218,218,1.0
2020.0,5290.0,LICEO DE CASCAJAL,SAN JOSE NORTE,448,448,1.0
2020.0,0.0,COLEGIO ECOLOGICO BILINGÜE SAN MARTIN,SAN JOSE OESTE,72,72,1.0
2020.0,0.0,SANTA ANA HIGH SCHOOL,SAN JOSE OESTE,49,49,1.0
2020.0,0.0,UNIVERSITARIO PARA NIÑOS Y ADOLESCENTES,HEREDIA,51,51,1.0
2020.0,0.0,MI PATRIA,SAN JOSE NORTE,11,10,0.9090909090909091
2020.0,4207.0,C.T.P. DE ABANGARES,CAÑAS,721,711,0.986130374479889
2020.0,4854.0,SECCION NOCTURNA ACADEMICA DE PARAISO,CARTAGO,858,834,0.972027972027972
2020.0,4874.0,NOCTURNO MAURILIO ALVARADO VARGAS,CAÑAS,178,163,0.9157303370786517
2020.0,4867.0,NOCTURNO LA CRUZ,LIBERIA,605,511,0.8446280991735537
2020.0,4841.0,NOCTURNO DE BUENOS AIRES,GRANDE DE TERRABA,645,601,0.931782945736434
2020.0,4884.0,NOCTURNO DE OSA,GRANDE DE TERRABA,569,420,0.7381370826010545
2020.0,4896.0,NOCTURNO DE QUEPOS,AGUIRRE,644,424,0.6583850931677019
2020.0,5732.0,NOCTURNO GUAYCARA,COTO,626,559,0.8929712460063898
2020.0,5706.0,NOCTURNO DE SIQUIRRES,LIMON,797,489,0.6135508155583438
2020.0,4890.0,NOCTURNO DE BATAAN,LIMON,649,649,1.0
2020.0,4091.0,LICEO DE RIO FRIO,SARAPIQUI,1143,1139,0.9965004374453194
2020.0,5284.0,NOCTURNO PACIFICO SUR,GRANDE DE TERRABA,235,221,0.9404255319148936
2020.0,5295.0,LICEO LA PERLA,LIMON,249,249,1.0
2020.0,5291.0,LICEO RURAL BIJAGUAL,LOS SANTOS,50,48,0.96
2020.0,5575.0,LICEO RURAL ABROJO MOCTEZUMA,COTO,94,94,1.0
2020.0,5576.0,LICEO RURAL SANTA ROSA,COTO,36,36,1.0
2020.0,5590.0,LICEO JUNTAS DE CAOBA,LIBERIA,123,123,1.0
2020.0,5535.0,LICEO DE GUARDIA,LIBERIA,558,557,0.9982078853046595
2020.0,5583.0,LICEO CUATRO BOCAS,ZONA NORTE-NORTE,115,111,0.9652173913043478
2020.0,5584.0,LICEO RURAL LA CONQUISTA,SARAPIQUI,161,157,0.9751552795031055
2020.0,5568.0,COLEGIO SEPECUE,SULA,92,92,1.0
2020.0,5567.0,LICEO VENECIA,LIMON,712,706,0.9915730337078652
2020.0,5577.0,LICEO EL SAINO,SAN CARLOS,246,246,1.0
2020.0,5533.0,EXPERIMENTAL BILINGÜE DE LOS ÁNGELES,SAN CARLOS,395,395,1.0
2020.0,5582.0,LICEO RURAL MASTATAL,PURISCAL,22,22,1.0
2020.0,0.0,VISTA ATENAS HIGH SCHOOL,ALAJUELA,103,101,0.9805825242718447
2020.0,0.0,SAINT ANTHONY HIGH SCHOOL,SAN JOSE NORTE,245,245,1.0
2020.0,0.0,SAINT JOSSELIN DAY SCHOOL,CARTAGO,105,105,1.0
2020.0,0.0,CIENTIFICO DE COSTA RICA DEL ATLANTICO -UNED-,LIMON,45,45,1.0
2020.0,0.0,MOUNT VIEW SCHOOL,SAN JOSE OESTE,186,185,0.9946236559139785
2020.0,5580.0,LICEO RURAL SANTIAGO,PEREZ ZELEDON,139,132,0.9496402877697842
2020.0,5579.0,LICEO ACADEMICO SAN ANTONIO,PEREZ ZELEDON,242,241,0.9958677685950413
2020.0,5581.0,LICEO RURAL SAN RAFAEL DE CABAGRA,GRANDE DE TERRABA,145,145,1.0
2020.0,5585.0,LICEO RURAL LA ALDEA,SARAPIQUI,77,71,0.922077922077922
2020.0,5356.0,LICEO RURAL LOS ARBOLITOS,SARAPIQUI,26,26,1.0
2020.0,5296.0,LICEO RURAL SALVADOR DURAN OCAMPO,SARAPIQUI,132,126,0.9545454545454546
2020.0,5587.0,LICEO RURAL SAN JULIAN,SARAPIQUI,130,128,0.9846153846153847
2020.0,5588.0,TELESECUNDARIA LAS BRISAS,LIBERIA,34,34,1.0
2020.0,0.0,MONTECARLO,SAN CARLOS,77,77,1.0
2020.0,0.0,AMIGOS DE MONTEVERDE,PUNTARENAS,42,42,1.0
2020.0,5662.0,LICEO RURAL DE PUERTO VIEJO,LIMON,197,197,1.0
2020.0,5598.0,LICEO COQUITAL,SAN CARLOS,208,205,0.9855769230769231
2020.0,5578.0,LICEO RURAL LA GUARIA DE POCOSOL,SAN CARLOS,102,100,0.9803921568627451
2020.0,5729.0,COLEGIO PLAYAS DEL COCO,SANTA CRUZ,316,311,0.9841772151898734
2020.0,5728.0,LICEO SANTA MARTA,GRANDE DE TERRABA,316,316,1.0
2020.0,5658.0,LICEO RURAL YERI,GRANDE DE TERRABA,121,121,1.0
2020.0,5682.0,NOCTURNO LA JULIETA,AGUIRRE,830,830,1.0
2020.0,5657.0,LICEO RURAL SAN RAFAEL,COTO,72,72,1.0
2020.0,5679.0,COLEGIO CANDELARIA,OCCIDENTE,298,298,1.0
2020.0,0.0,COSTA RICA CHRISTIAN SCHOOL,SAN JOSE NORTE,201,201,1.0
2020.0,5656.0,LICEO RURAL SANTA CRUZ,LOS SANTOS,49,46,0.9387755102040817
2020.0,5655.0,LICEO DE SAN ANDRES,LOS SANTOS,93,92,0.989247311827957
2020.0,5661.0,LICEO RURAL LAS MARIAS,SARAPIQUI,97,97,1.0
2020.0,5718.0,EXPERIMENTAL BILINGÜE DE RÍO JIMÉNEZ,GUAPILES,529,528,0.998109640831758
2020.0,5596.0,LICEO RURAL LOS JAZMINES,ZONA NORTE-NORTE,77,77,1.0
2020.0,5670.0,LICEO COLONIA PUNTARENAS,ZONA NORTE-NORTE,344,343,0.997093023255814
2020.0,5671.0,LICEO COLONIA VILLA NUEVA,ZONA NORTE-NORTE,163,162,0.9938650306748467
2020.0,5672.0,LICEO RURAL VALLE VERDE,ZONA NORTE-NORTE,75,75,1.0
2020.0,5669.0,TELESECUNDARIA DE MEXICO,ZONA NORTE-NORTE,60,60,1.0
2020.0,5674.0,LICEO RURAL PIEDRAS AZULES,LIBERIA,75,75,1.0
2020.0,5673.0,LICEO RURAL SAN LUIS,ZONA NORTE-NORTE,94,94,1.0
2020.0,5591.0,LICEO SAN JORGE,ZONA NORTE-NORTE,128,128,1.0
2020.0,5709.0,LICEO RURAL DE TARCOLES,AGUIRRE,118,117,0.9915254237288136
2020.0,5660.0,LICEO RURAL LÍNEA VIEJA,GUAPILES,92,92,1.0
2020.0,5668.0,TELESECUNDARIA LA URRACA,SAN CARLOS,26,26,1.0
2020.0,5667.0,LICEO RURAL JUANILAMA,SAN CARLOS,85,85,1.0
2020.0,5666.0,LICEO RURAL COOPE SAN JUAN,SAN CARLOS,45,45,1.0
2020.0,5677.0,COLEGIO SAN MARTIN,SAN CARLOS,363,361,0.9944903581267218
2020.0,5735.0,UNIDAD PEDAGOGICA LA VALENCIA,DESAMPARADOS,584,575,0.9845890410958904
2020.0,5664.0,LICEO RURAL SAN ANTONIO,PURISCAL,72,72,1.0
2020.0,5663.0,LICEO RURAL LA PALMA,PURISCAL,68,68,1.0
2020.0,0.0,COLEGIO BILINGüE CIUDAD BLANCA,LIBERIA,166,165,0.9939759036144579
2020.0,5645.0,LICEO BEBEDERO,CAÑAS,153,152,0.9934640522875817
2020.0,5680.0,C.T.P. SANTA ANA,SAN JOSE OESTE,317,315,0.9936908517350158
2020.0,0.0,MARIAN BAKER SCHOOL,CARTAGO,36,36,1.0
2020.0,5665.0,LICEO RURAL BOCA RIO SAN CARLOS,SAN CARLOS,58,58,1.0
2020.0,5708.0,LICEO RURAL LA GARITA,LIBERIA,61,59,0.9672131147540983
2020.0,0.0,CAFORE ANTONIO JOSE OBANDO CHAN,PUNTARENAS,62,62,1.0
2020.0,5659.0,LICEO RURAL CARTAGENA,GUAPILES,101,93,0.9207920792079208
2020.0,0.0,CREATIVA,PUNTARENAS,26,26,1.0
2020.0,0.0,CIENTIFICO DE COSTA RICA DE PUNTARENAS -UCR-,PUNTARENAS,50,50,1.0
2020.0,5852.0,LICEO PICAGRES DE MORA,PURISCAL,86,86,1.0
2020.0,5873.0,LICEO DE BARBACOAS,PURISCAL,296,296,1.0
2020.0,5586.0,LICEO EL PARAISO,SARAPIQUI,199,198,0.9949748743718593
2020.0,0.0,BILINGÜE BOCA DEL MONTE,SAN JOSE CENTRAL,72,72,1.0
2020.0,0.0,SANTA RITA,SAN JOSE CENTRAL,71,71,1.0
2020.0,6156.0,LICEO BILINGÜE ITALO COSTARRICENSE,COTO,255,254,0.996078431372549
2020.0,5870.0,UNIDAD PEDAGOGICA SOTERO GONZALEZ BARQUERO,DESAMPARADOS,472,468,0.9915254237288136
2020.0,5814.0,LICEO VUELTA DE JORCO,DESAMPARADOS,248,247,0.9959677419354839
2020.0,5834.0,UNIDAD PEDAGOGICA SAN DIEGO,CARTAGO,486,400,0.823045267489712
2020.0,5840.0,LICEO RURAL LA LUCHITA,CARTAGO,63,63,1.0
2020.0,5841.0,LICEO SAN CARLOS,LOS SANTOS,187,182,0.9732620320855615
2020.0,5845.0,LICEO EL CONSUELO,LIBERIA,71,71,1.0
2020.0,5844.0,LICEO CUAJINIQUIL,LIBERIA,170,170,1.0
2020.0,5838.0,LICEO RURAL COOPESILENCIO,AGUIRRE,48,48,1.0
2020.0,5836.0,LICEO RURAL SANTO DOMINGO,AGUIRRE,25,25,1.0
2020.0,5837.0,LICEO RURAL CERRITOS,AGUIRRE,41,41,1.0
2020.0,5871.0,LICEO RURAL LONDRES,AGUIRRE,217,210,0.967741935483871
2020.0,5827.0,SECCION NOCTURNA C.T.P. MONSEÑOR SANABRIA,DESAMPARADOS,225,209,0.9288888888888889
2020.0,5806.0,NOCTURNO DE PALMARES,PEREZ ZELEDON,754,623,0.8262599469496021
2020.0,5815.0,NOCTURNO DE SINAI,PEREZ ZELEDON,476,405,0.8508403361344538
2020.0,5807.0,NOCTURNO DE CARIARI,GUAPILES,505,363,0.7188118811881188
2020.0,5853.0,LICEO RURAL EL CASTILLO FORTUNA,SAN CARLOS,44,44,1.0
2020.0,5869.0,LICEO AEROPUERTO JERUSALEN,PEREZ ZELEDON,294,294,1.0
2020.0,5839.0,TELESECUNDARIA LA CEIBA,ALAJUELA,19,18,0.9473684210526315
2020.0,5747.0,TELESECUNDARIA DULCE NOMBRE,ALAJUELA,8,8,1.0
2020.0,5817.0,LICEO LA PALMERA,SAN CARLOS,249,248,0.9959839357429718
2020.0,5854.0,LICEO RURAL EL VENADO,SAN CARLOS,112,112,1.0
2020.0,0.0,DEPORTIVO SANTO DOMINGO,HEREDIA,68,64,0.9411764705882353
2020.0,5858.0,LICEO RURAL LA GATA,SARAPIQUI,66,66,1.0
2020.0,5850.0,LICEO BELEN,NICOYA,249,249,1.0
2020.0,5856.0,TELESECUNDARIA COLONIA ANATERI,OCCIDENTE,13,13,1.0
2020.0,5886.0,EXPERIMENTAL BILINGÜE DE SARCHI SUR,OCCIDENTE,344,343,0.997093023255814
2020.0,5857.0,UNIDAD PEDAGOGICA RURAL BAJOS DE TORO AMARILLO,OCCIDENTE,18,18,1.0
2020.0,5891.0,LICEO RURAL EL CARMEN PARRITA,AGUIRRE,29,29,1.0
2020.0,5820.0,LICEO DE TERRABA,GRANDE DE TERRABA,69,69,1.0
2020.0,0.0,NEW WAY HIGH SCHOOL,SAN JOSE OESTE,41,41,1.0
2020.0,5818.0,C.T.P. DE ESCAZU,SAN JOSE OESTE,388,386,0.9948453608247423
2020.0,0.0,INSTITUTO PEDAGOGICA SAGRADA FAMILIA,LIMON,18,18,1.0
2020.0,5847.0,LICEO RURAL LA CELINA,LIMON,51,50,0.9803921568627451
2020.0,5882.0,EXPERIMENTAL BILINGÜE DE SIQUIRRES,LIMON,388,379,0.9768041237113402
2020.0,5848.0,LICEO INDÍGENA BOCA COHÉN,SULA,160,160,1.0
2020.0,5842.0,LICEO RURAL ALTO GUAYMI,COTO,85,85,1.0
2020.0,5849.0,LICEO RURAL ROCA QUEMADA,TURRIALBA,139,139,1.0
2020.0,5851.0,LICEO SANTA TERESA,PENINSULAR,210,210,1.0
2020.0,5816.0,NOCTURNO OROTINA,ALAJUELA,525,523,0.9961904761904762
2020.0,5874.0,LICEO AMBIENTALISTA DE HORQUETAS,SARAPIQUI,349,348,0.997134670487106
2020.0,5734.0,LICEO RURAL LAS COLONIAS,SARAPIQUI,104,104,1.0
2020.0,5846.0,LICEO RURAL GANDOCA,LIMON,17,17,1.0
2020.0,5860.0,LICEO RURAL LAS NUBES CRISTO REY,SAN CARLOS,81,79,0.9753086419753086
2020.0,5843.0,LICEO RURAL ALTO COMTE,COTO,95,95,1.0
2020.0,5855.0,LICEO RURAL SAN ANTONIO DE ZAPOTAL,OCCIDENTE,16,16,1.0
2020.0,5895.0,LICEO RURAL AGUAS ZARCAS,LIMON,56,51,0.9107142857142857
2020.0,0.0,COLEGIO CIENTIFICO INTERAMERICANO IHS (CATIE),TURRIALBA,103,103,1.0
2020.0,0.0,HUMANISTICO COSTARRICENSE-SEDE COTO,COTO,56,56,1.0
2020.0,5897.0,LICEO RURAL BELLA VISTA,LIBERIA,89,89,1.0
2020.0,0.0,SAN DANIEL COMBONI,CAÑAS,72,72,1.0
2020.0,6032.0,C.T.P. FERNANDO VOLIO JIMENEZ,CARTAGO,859,858,0.9988358556461001
2020.0,0.0,TALLER PEDAGOGICO MONTEBELLO,HEREDIA,68,68,1.0
2020.0,0.0,SAN JORGE,CAÑAS,52,52,1.0
2020.0,0.0,GENESIS CHRISTIAN SCHOOL,SAN JOSE CENTRAL,159,159,1.0
2020.0,0.0,VALLE DEL SOL,GUAPILES,231,228,0.987012987012987
2020.0,5999.0,LICEO RURAL SAN ISIDRO,LOS SANTOS,76,70,0.9210526315789473
2020.0,5968.0,LICEO RURAL CAÑON DE EL GUARCO,LOS SANTOS,38,38,1.0
2020.0,5966.0,SECCION NOCTURNA C.T.P. MARIO QUIROS SASSO,CARTAGO,290,267,0.9206896551724137
2020.0,5979.0,LICEO SAN NICOLAS DE TOLENTINO,CARTAGO,741,721,0.9730094466936572
2020.0,5993.0,UNIDAD PEDAGOGICA BARRIO NUEVO,CARTAGO,127,127,1.0
2020.0,5975.0,LICEO RURAL BANDERAS,SAN CARLOS,52,52,1.0
2020.0,5976.0,LICEO RURAL SAN JUAN,OCCIDENTE,59,59,1.0
2020.0,5994.0,LICEO LA AMISTAD,SAN CARLOS,370,359,0.9702702702702702
2020.0,5988.0,LICEO QUEBRADA GANADO,AGUIRRE,414,412,0.9951690821256038
2020.0,5967.0,LICEO RURAL NUEVA GUATEMALA,CAÑAS,40,40,1.0
2020.0,6034.0,C.T.P. TRONADORA,CAÑAS,290,289,0.996551724137931
2020.0,6017.0,LICEO LA LUCHA,GRANDE DE TERRABA,84,84,1.0
2020.0,5970.0,LICEO RURAL ISLAS DEL CHIRRIPO,SARAPIQUI,156,155,0.9935897435897436
2020.0,5973.0,LICEO EL CARMEN,NICOYA,75,75,1.0
2020.0,5992.0,LICEO LAGUNA,OCCIDENTE,427,426,0.9976580796252927
2020.0,5995.0,LICEO DE MAGALLANES,OCCIDENTE,455,453,0.9956043956043956
2020.0,5996.0,EXPERIMENTAL BILINGÜE DE SAN RAMON,OCCIDENTE,571,571,1.0
2020.0,5985.0,LICEO RURAL ZAPATON,PURISCAL,40,40,1.0
2020.0,6030.0,LICEO VIRGEN MEDALLA MILAGROSA,SAN JOSE NORTE,681,638,0.9368575624082232
2020.0,5998.0,LICEO PACTO DEL JOCOTE,ALAJUELA,359,359,1.0
2020.0,6020.0,LICEO DEPORTIVO DE GRECIA,ALAJUELA,292,272,0.9315068493150684
2020.0,6033.0,C.T.P. INVU LAS CAÑAS,ALAJUELA,1070,1067,0.997196261682243
2020.0,5974.0,LICEO RURAL LA CUREÑA,SARAPIQUI,21,21,1.0
2020.0,6027.0,LICEO HIGUITO,DESAMPARADOS,477,470,0.9853249475890985
2020.0,5990.0,LICEO LAS MERCEDES,PEREZ ZELEDON,698,687,0.9842406876790831
2020.0,5929.0,NOCTURNO DE PUERTO VIEJO,SARAPIQUI,776,693,0.8930412371134021
2020.0,5971.0,LICEO RURAL UNION DEL TORO,SARAPIQUI,95,92,0.968421052631579
2020.0,6000.0,LICEO CUATRO ESQUINAS,GUAPILES,243,242,0.9958847736625515
2020.0,6016.0,C.T.P. ULADISLAO GAMEZ SOLANO,SAN JOSE CENTRAL,1125,1103,0.9804444444444445
2020.0,5986.0,LICEO RURAL KABEBATA,TURRIALBA,118,117,0.9915254237288136
2020.0,6043.0,LICEO RURAL LANAS,PURISCAL,18,18,1.0
2020.0,6044.0,LICEO RURAL EL LLANO,PURISCAL,66,64,0.9696969696969697
2020.0,5969.0,LICEO RURAL SANTA ROSA,CARTAGO,115,112,0.9739130434782609
2020.0,5972.0,LICEO SAN CARLOS PACUARITO,LIMON,123,118,0.959349593495935
2020.0,5984.0,LICEO LABRADOR,ALAJUELA,191,191,1.0
2020.0,6133.0,LICEO PUENTE DE PIEDRA,ALAJUELA,630,619,0.9825396825396825
2020.0,6021.0,SECCION NOCTURNA C.T.P. PUNTARENAS,PUNTARENAS,368,361,0.9809782608695652
2020.0,6105.0,C.T.P. CARRIZAL,ALAJUELA,1185,1172,0.9890295358649789
2020.0,6045.0,LICEO RURAL YORKIN,SULA,46,46,1.0
2020.0,6103.0,LICEO PARAISO,LIMON,400,380,0.95
2020.0,6127.0,I.E.G.B. ANDRES BELLO LOPEZ,SAN JOSE OESTE,292,285,0.976027397260274
2020.0,6137.0,LICEO OCCIDENTAL,CARTAGO,684,682,0.9970760233918129
2020.0,6130.0,C.T.P. GRANADILLA,SAN JOSE CENTRAL,1172,1172,1.0
2020.0,0.0,BILINGÜE SONNYSA CBC,CARTAGO,289,289,1.0
2020.0,6128.0,I.E.G.B. AMERICA CENTRAL,SAN JOSE NORTE,258,258,1.0
2020.0,6135.0,UNIDAD PEDAGOGICA LA CRUZ,DESAMPARADOS,85,85,1.0
2020.0,6096.0,UNIDAD PEDAGOGICA JUAN CALDERON VALVERDE,DESAMPARADOS,62,61,0.9838709677419355
2020.0,6108.0,I.E.G.B. REPUBLICA DE PANAMA,DESAMPARADOS,284,284,1.0
2020.0,6146.0,I.E.G.B. NUESTRA SEÑORA DE SION,PUNTARENAS,296,296,1.0
2020.0,6149.0,LICEO BUENOS AIRES,GRANDE DE TERRABA,544,540,0.9926470588235294
2020.0,6104.0,C.T.P. JOSE ALBERTAZZI,DESAMPARADOS,1363,1284,0.942039618488628
2020.0,0.0,C.T.P.SAN AGUSTIN CIUDAD  DE LOS NIñOS,CARTAGO,437,387,0.88558352402746
2020.0,6050.0,LICEO RURAL JARIS,PURISCAL,65,65,1.0
2020.0,6115.0,LICEO SAN RAFAEL,GUAPILES,795,794,0.9987421383647799
2020.0,6112.0,COLEGIO FINCA NARANJO,COTO,633,633,1.0
2020.0,6046.0,COLEGIO LA CASONA,COTO,270,268,0.9925925925925926
2020.0,5981.0,LICEO RURAL PARAISO,COTO,58,58,1.0
2020.0,6101.0,NOCTURNO DE POCORA,GUAPILES,193,190,0.9844559585492227
2020.0,0.0,WASHINGTON SCHOOL,SAN JOSE OESTE,32,32,1.0
2020.0,6106.0,I.E.G.B. PBRO. YANUARIO QUESADA,SAN JOSE OESTE,451,449,0.9955654101995566
2020.0,6113.0,NOCTURNO DE SAN PEDRO,PEREZ ZELEDON,657,539,0.8203957382039574
2020.0,6148.0,SECCION NOCTURNA C.T.P. DE LIMON,LIMON,330,330,1.0
2020.0,6157.0,I.E.G.B. LA VICTORIA,ZONA NORTE-NORTE,58,58,1.0
2020.0,0.0,SAINT JOSEPH`S,SAN JOSE NORTE,147,147,1.0
2020.0,0.0,NUESTRA SEÑORA DE GUADALUPE,HEREDIA,70,69,0.9857142857142858
2020.0,6129.0,LICEO RURAL KATSI,SULA,100,100,1.0
2020.0,4194.0,SECCION NOCTURNA C.T.P. LIBERIA,LIBERIA,371,266,0.7169811320754716
2020.0,6215.0,UNIDAD PEDAGOGICA EL TORITO,TURRIALBA,128,128,1.0
2020.0,6216.0,LICEO LLANO LOS ANGELES,CARTAGO,167,160,0.9580838323353293
2020.0,6217.0,LICEO RURAL GUACIMAL,PUNTARENAS,62,62,1.0
2020.0,6219.0,UNIDAD PEDAGOGICA RIO CELESTE,ZONA NORTE-NORTE,102,102,1.0
2020.0,6220.0,LICEO RURAL COLONIA DEL VALLE,NICOYA,68,68,1.0
2020.0,6236.0,LICEO RURAL PALMERA,SULA,81,81,1.0
2020.0,6235.0,LICEO RURAL NAMALDI,SULA,102,102,1.0
2020.0,6224.0,LICEO RURAL COROMA,SULA,62,62,1.0
2020.0,6244.0,LICEO SONAFLUCA,SAN CARLOS,449,443,0.9866369710467706
2020.0,6273.0,LICEO RURAL CERROS,AGUIRRE,177,176,0.9943502824858758
2020.0,6222.0,COLEGIO QUEBRADA GRANDE,LIBERIA,108,108,1.0
2020.0,6269.0,COLEGIO MATA DE PLATANO,SAN JOSE NORTE,650,640,0.9846153846153847
2020.0,6267.0,LICEO RURAL LOS ALMENDROS,SAN CARLOS,35,35,1.0
2020.0,6375.0,LICEO LOS ANGELES,NICOYA,64,64,1.0
2020.0,0.0,VALLEY FORGE FUTURE,SAN JOSE NORTE,51,51,1.0
2020.0,0.0,SISTEMA EDUCATIVO LOS DELFINES,AGUIRRE,51,51,1.0
2020.0,0.0,CIENTIFICO DE COSTA RICA DE ALAJUELA -UNED-,ALAJUELA,63,63,1.0
2020.0,6130.0,SECCION NOCTURNA C.T.P. DE GRANADILLA,SAN JOSE CENTRAL,54,54,1.0
2020.0,0.0,BERKELEY ACADEMY,SAN JOSE OESTE,64,64,1.0
2020.0,6385.0,LICEO SAN ANTONIO,GUAPILES,494,477,0.9655870445344129
2020.0,6350.0,I.E.G.B. LIMON 2000,LIMON,129,129,1.0
2020.0,6358.0,C.T.P. VASQUEZ DE CORONADO,SAN JOSE NORTE,441,439,0.9954648526077098
2020.0,6372.0,LICEO TIERRA BLANCA,CARTAGO,466,463,0.9935622317596566
2020.0,6384.0,LICEO DE TOBOSI,CARTAGO,294,293,0.9965986394557823
2020.0,6376.0,LICEO SAN JOSE DEL RIO,SARAPIQUI,263,260,0.9885931558935361
2020.0,6409.0,LICEO RURAL SALITRE,GRANDE DE TERRABA,93,93,1.0
2020.0,6406.0,LICEO RURAL SHIKABALI,TURRIALBA,152,152,1.0
2020.0,6407.0,LICEO RURAL KJAKUO SULO,TURRIALBA,80,80,1.0
2020.0,6408.0,COLEGIO INDÍGENA SHIROLES,SULA,168,168,1.0
2020.0,4186.0,SECCION NOCTURNA C.T.P. JOSE DANIEL FLORES,LOS SANTOS,197,174,0.883248730964467
2020.0,0.0,CAI NIÑOS Y NIÑAS TRIUNFADORES,HEREDIA,17,17,1.0
2020.0,0.0,HORIZONTES (CEDHORI),ALAJUELA,104,104,1.0
2020.0,0.0,SANTA MARIA TECHNICAL SCHOOL,DESAMPARADOS,138,138,1.0
2020.0,6147.0,SECCION NOCTURNA C.T.P. DE BUENOS AIRES,GRANDE DE TERRABA,299,244,0.8160535117056856
2020.0,0.0,CRESTON SCHOOL,SAN JOSE NORTE,164,155,0.9451219512195121
2020.0,6456.0,COLEGIO OMAR SALAZAR OBANDO,TURRIALBA,694,691,0.9956772334293948
2020.0,6429.0,LICEO RURAL QUIRIMAN,NICOYA,50,50,1.0
2020.0,6465.0,LICEO RURAL VILLA HERMOSA,GRANDE DE TERRABA,48,48,1.0
2020.0,0.0,EL CARMELO,SAN JOSE CENTRAL,153,153,1.0
2020.0,6479.0,COLEGIO DE GUACIMO,GUAPILES,393,393,1.0
2020.0,0.0,GOLDEN VALLEY SCHOOL,HEREDIA,147,145,0.9863945578231292
2020.0,4157.0,SECCION NOCTURNA C.T.P. DE SAN SEBASTIAN,SAN JOSE CENTRAL,193,193,1.0
2020.0,0.0,EDUCATIONAL CENTER ABC,ALAJUELA,22,22,1.0
2020.0,0.0,JOHN F. KENNEDY HIGH SCHOOL-SAN VITO,COTO,54,54,1.0
2020.0,4210.0,SECCION NOCTURNA C.T.P. DE PAQUERA,PENINSULAR,79,77,0.9746835443037974
2020.0,0.0,BILINGÜE VIRGEN DEL PILAR,CARTAGO,84,84,1.0
2020.0,0.0,COLEGIO SAN CARLOS BORROMEO,SAN CARLOS,44,44,1.0
2020.0,0.0,LA PAZ COMMUNITY SCHOOL,SANTA CRUZ,80,80,1.0
2020.0,6501.0,COLEGIO FLORIDA,LIMON,197,197,1.0
2020.0,6500.0,COLEGIO DE PACUARE,LIMON,352,350,0.9943181818181818
2020.0,6498.0,LICEO RURAL YIMBA CAJC,GRANDE DE TERRABA,120,120,1.0
2020.0,6504.0,C.T.P. SAN PEDRO DE BARVA,HEREDIA,713,710,0.9957924263674615
2020.0,4163.0,SECCION NOCTURNA C.T.P. DE PURISCAL,PURISCAL,217,214,0.9861751152073732
2020.0,4229.0,SECCION NOCTURNA C.T.P. DE JACO,AGUIRRE,103,93,0.9029126213592233
2020.0,4197.0,SECCION NOCTURNA C.T.P. HOJANCHA,NICOYA,85,85,1.0
2020.0,6016.0,SECCION NOCTURNA C.T.P. ULADISLAO GAMEZ SOLANO,SAN JOSE CENTRAL,147,137,0.9319727891156463
2020.0,4166.0,SECCION NOCTURNA C.T.P. SAN ISIDRO,PEREZ ZELEDON,146,137,0.9383561643835616
2020.0,4155.0,SECCION NOCTURNA C.T.P. CALLE BLANCOS,SAN JOSE NORTE,132,132,1.0
2020.0,4215.0,SECCION NOCTURNA C.T.P. UMBERTO MELLONI C.,COTO,103,98,0.9514563106796117
2020.0,4214.0,SECCION NOCTURNA C.T.P. CARLOS MANUEL VICENTE C.,COTO,71,71,1.0
2020.0,4217.0,SECCION NOCTURNA C.T.P. GUAYCARA,COTO,180,180,1.0
2020.0,4208.0,SECCION NOCTURNA C.T.P. DE JICARAL,PENINSULAR,189,175,0.9259259259259259
2020.0,4176.0,SECCION NOCTURNA C.T.P. NATANIEL ARIAS MURILLO,SAN CARLOS,183,149,0.8142076502732241
2020.0,6033.0,SECCION NOCTURNA C.T.P. INVU LAS CAÑAS,ALAJUELA,172,170,0.9883720930232558
2020.0,6505.0,C.T.P. DE PALMICHAL,PURISCAL,318,318,1.0
2020.0,6502.0,C.T.P. SANTO CRISTO DE ESQUIPULAS,OCCIDENTE,402,386,0.9601990049751243
2020.0,6507.0,C.T.P. SABANILLA,ALAJUELA,577,563,0.975736568457539
2020.0,6508.0,C.T.P. SAN RAFAEL DE POAS,ALAJUELA,546,541,0.9908424908424909
2020.0,6506.0,C.T.P. BOLIVAR,ALAJUELA,706,705,0.9985835694050992
2020.0,6503.0,C.T.P. DE DULCE NOMBRE,CARTAGO,813,813,1.0
2020.0,0.0,ISAAC PHILLIPE PRIMARY & HIGH SCHOOL,HEREDIA,90,89,0.9888888888888889
2020.0,6512.0,LICEO SANTISIMA TRINIDAD,GUAPILES,482,482,1.0
2020.0,0.0,LAKESIDE INTERNATIONAL SCHOOL,SANTA CRUZ,136,134,0.9852941176470589
2020.0,0.0,LAS NUBES SCHOOL,AGUIRRE,60,59,0.9833333333333333
2020.0,6537.0,C.T.P. SANTA EULALIA,ALAJUELA,306,303,0.9901960784313726
2020.0,6532.0,C.T.P. AMBIENTALISTA ISAIAS RETANA,PEREZ ZELEDON,767,753,0.9817470664928292
2020.0,4204.0,SECCION NOCTURNA C.T.P. SANTA BARBARA,SANTA CRUZ,133,130,0.9774436090225563
2020.0,6534.0,C.T.P. SANTA LUCIA,CARTAGO,694,689,0.9927953890489913
2020.0,6529.0,C.T.P. ABELARDO BONILLA BALDARES,SAN JOSE NORTE,896,894,0.9977678571428571
2020.0,6527.0,C.T.P. MAXIMO QUESADA,DESAMPARADOS,874,869,0.994279176201373
2020.0,6528.0,C.T.P. PURRAL,SAN JOSE NORTE,935,775,0.8288770053475936
2020.0,4201.0,SECCION NOCTURNA C.T.P. CARRILLO,SANTA CRUZ,223,210,0.9417040358744395
2020.0,6533.0,C.T.P. OREAMUNO,CARTAGO,449,433,0.9643652561247216
2020.0,6536.0,C.T.P. ROSARIO DE NARANJO,OCCIDENTE,703,696,0.9900426742532006
2020.0,4203.0,SECCION NOCTURNA C.T.P. DE SANTA CRUZ,SANTA CRUZ,274,270,0.9854014598540146
2020.0,4198.0,SECCION NOCTURNA C.T.P. DE NICOYA,NICOYA,461,413,0.89587852494577
2020.0,4193.0,SECCION NOCTURNA C.T.P. PUERTO VIEJO,SARAPIQUI,188,152,0.8085106382978723
2020.0,6104.0,SECCION NOCTURNA C.T.P. JOSE ALBERTAZZI,DESAMPARADOS,213,127,0.596244131455399
2020.0,6358.0,SECCION NOCTURNA C.T.P. VASQUEZ DE CORONADO,SAN JOSE NORTE,173,160,0.9248554913294798
2020.0,6524.0,C.T.P.SAN ISIDRO DE HEREDIA,HEREDIA,490,488,0.9959183673469387
2020.0,6525.0,C.T.P. SANTO DOMINGO,HEREDIA,520,518,0.9961538461538462
2020.0,6526.0,C.T.P. MERCEDES NORTE,HEREDIA,708,701,0.9901129943502824
2020.0,6530.0,C.T.P. PAVAS,SAN JOSE OESTE,442,416,0.9411764705882353
2020.0,6535.0,C.T.P. CALLE ZAMORA,OCCIDENTE,565,565,1.0
2020.0,4213.0,SECCION NOCTURNA C.T.P. OSA,GRANDE DE TERRABA,272,272,1.0
2020.0,4167.0,SECCION NOCTURNA C.T.P. PLATANARES,PEREZ ZELEDON,179,171,0.9553072625698324
2020.0,4168.0,SECCION NOCTURNA C.T.P. PEJIBAYE,PEREZ ZELEDON,90,82,0.9111111111111111
2020.0,4218.0,SECCION NOCTURNA C.T.P. DE CORREDORES,COTO,290,239,0.8241379310344827
2020.0,6502.0,SECCION NOCTURNA C.T.P. SANTO CRISTO DE ESQUIP.,OCCIDENTE,197,197,1.0
2020.0,4183.0,SECCION NOCTURNA C.T.P. SAN CARLOS,SAN CARLOS,123,109,0.8861788617886179
2020.0,4179.0,SECCION NOCTURNA C.T.P. LA FORTUNA,SAN CARLOS,127,127,1.0
2020.0,4222.0,SECCION NOCTURNA C.T.P. DE BATAAN,LIMON,239,238,0.99581589958159
2020.0,4226.0,SECCION NOCTURNA C.T.P. PADRE ROBERTO EVANS,LIMON,265,265,1.0
2020.0,4200.0,SECCION NOCTURNA C.T.P. DE CORRALILLO,NICOYA,196,185,0.9438775510204082
2020.0,4196.0,SECCION NOCTURNA C.T.P. NANDAYURE,NICOYA,118,89,0.7542372881355932
2020.0,6503.0,SECCION NOCTURNA C.T.P. DE DULCE NOMBRE,CARTAGO,147,133,0.9047619047619048
2020.0,4230.0,SECCION NOCTURNA C.T.P. DE PARRITA,AGUIRRE,286,281,0.9825174825174825
2020.0,4181.0,SECCION NOCTURNA C.T.P. DE GUATUSO,ZONA NORTE-NORTE,112,105,0.9375
2020.0,4206.0,SECCION NOCTURNA C.T.P. SARDINAL,SANTA CRUZ,166,159,0.9578313253012049
2020.0,6538.0,C.T.P. DE CAÑAS,CAÑAS,662,661,0.9984894259818731
2020.0,6531.0,C.T.P. DE ASERRI,DESAMPARADOS,647,646,0.9984544049459042
2020.0,0.0,MARIA MONTSERRAT,SAN JOSE OESTE,25,25,1.0
2020.0,0.0,SUN VALLEY HIGH SCHOOL,PURISCAL,105,105,1.0
2020.0,0.0,ADVENTISTA PASO CANOAS,COTO,50,50,1.0
2020.0,0.0,JOHN F. KENNEDY HIGH SCHOOL-CIUDAD NEILY,COTO,54,54,1.0
2020.0,0.0,COMUNIDAD EDUCATIVA CRECER,HEREDIA,63,63,1.0
2020.0,0.0,PASOS DE JUVENTUD CENTRO EDUCATIVO,HEREDIA,115,115,1.0
2020.0,6564.0,LICEO COPEY,LOS SANTOS,138,138,1.0
2020.0,6570.0,LICEO RURAL CHINA KICHA,SULA,38,36,0.9473684210526315
2020.0,6569.0,LICEO RURAL ARANJUEZ,PUNTARENAS,138,138,1.0
2020.0,6568.0,LICEO RURAL RIO GRANDE DE PAQUERA,PENINSULAR,132,132,1.0
2020.0,6571.0,LICEO RURAL EL PROGRESO,COTO,62,62,1.0
2020.0,6567.0,LICEO RURAL LA UNION,GUAPILES,122,78,0.639344262295082
2020.0,6565.0,COLEGIO EL AMPARO,SAN CARLOS,207,205,0.9903381642512077
2020.0,6548.0,C.T.P. DE MORA,PURISCAL,187,187,1.0
2020.0,6550.0,C.T.P. ESPARZA,PUNTARENAS,343,343,1.0
2020.0,6549.0,C.T.P. ZARCERO,OCCIDENTE,368,359,0.9755434782608695
2020.0,6547.0,C.T.P. DE ATENAS,ALAJUELA,708,693,0.9788135593220338
2020.0,4232.0,SECCION NOCTURNA C.T.P. UPALA,ZONA NORTE-NORTE,154,148,0.961038961038961
2020.0,4189.0,SECCION NOCTURNA C.T.P. LA SUIZA,TURRIALBA,175,175,1.0
2020.0,4202.0,SECCION NOCTURNA C.T.P. 27 DE ABRIL,SANTA CRUZ,95,95,1.0
2020.0,4205.0,SECCION NOCTURNA C.T.P. DE CARTAGENA,SANTA CRUZ,187,187,1.0
2020.0,6528.0,SECCION NOCTURNA C.T.P. PURRAL,SAN JOSE NORTE,182,120,0.6593406593406593
2020.0,6529.0,SECCION NOCTURNA C.T.P. ABELARDO BONILLA B.,SAN JOSE NORTE,74,74,1.0
2020.0,4177.0,SECCION NOCTURNA C.T.P. LOS CHILES,SAN CARLOS,170,155,0.9117647058823529
2020.0,4182.0,SECCION NOCTURNA C.T.P. SANTA ROSA,SAN CARLOS,122,121,0.9918032786885246
2020.0,4180.0,SECCION NOCTURNA C.T.P. DE PITAL,SAN CARLOS,90,76,0.8444444444444444
2020.0,4211.0,SECCION NOCTURNA C.T.P. DE COBANO,PENINSULAR,108,47,0.4351851851851852
2020.0,6535.0,SECCION NOCTURNA C.T.P. CALLE ZAMORA,OCCIDENTE,132,132,1.0
2020.0,4188.0,SECCION NOCTURNA C.T.P. SAN PABLO,LOS SANTOS,54,53,0.9814814814814815
2020.0,4227.0,SECCION NOCTURNA C.T.P. DE POCOCI,GUAPILES,163,157,0.9631901840490797
2020.0,4162.0,SECCION NOCTURNA C.T.P. DE ACOSTA,DESAMPARADOS,152,140,0.9210526315789473
2020.0,6531.0,SECCION NOCTURNA C.T.P. DE ASERRI,DESAMPARADOS,232,232,1.0
2020.0,4161.0,SECCION NOCTURNA C.T.P. SAN JUAN SUR,DESAMPARADOS,108,108,1.0
2020.0,4160.0,SECCION NOCTURNA C.T.P. JOSE FIGUERES FERRER,DESAMPARADOS,233,233,1.0
2020.0,4185.0,SECCION NOCTURNA C.T.P. DE PACAYAS,CARTAGO,102,102,1.0
2020.0,6534.0,SECCION NOCTURNA C.T.P. SANTA LUCIA,CARTAGO,173,172,0.9942196531791907
2020.0,6034.0,SECCION NOCTURNA C.T.P. TRONADORA,CAÑAS,120,87,0.725
2020.0,4207.0,SECCION NOCTURNA C.T.P. DE ABANGARES,CAÑAS,170,162,0.9529411764705882
2020.0,5748.0,SECCION NOCTURNA C.T.P. DE QUEPOS,AGUIRRE,169,108,0.6390532544378699
2020.0,6523.0,NOCTURNO DE JACO,AGUIRRE,365,307,0.8410958904109589
2020.0,6551.0,NOCTURNO DE AMUBRI,SULA,208,206,0.9903846153846154
2020.0,6578.0,C.T.P. BARRIO IRVIN,LIBERIA,493,493,1.0
2020.0,6579.0,C.T.P. DE LIVERPOOL,LIMON,561,560,0.9982174688057041
2020.0,6581.0,C.T.P. OROSI,CARTAGO,691,687,0.9942112879884226
2020.0,6576.0,C.T.P. HENRI FRANÇOIS PITTIER,COTO,323,321,0.9938080495356038
2020.0,6582.0,C.T.P. ROBERTO GAMBOA VALVERDE,DESAMPARADOS,1324,1314,0.9924471299093656
2020.0,6583.0,C.T.P. BRAULIO ODIO HERRERA,DESAMPARADOS,291,290,0.9965635738831615
2020.0,6574.0,C.T.P. JOSE MARIA ZELEDON BRENES,DESAMPARADOS,791,787,0.9949431099873578
2020.0,6580.0,C.T.P. AGROPORTICA,GUAPILES,635,584,0.9196850393700787
2020.0,6584.0,C.T.P. LAS PALMITAS,GUAPILES,517,511,0.988394584139265
2020.0,6577.0,C.T.P. DE PLATANAR,SAN CARLOS,333,333,1.0
2020.0,0.0,FUTURO VERDE,PENINSULAR,39,38,0.9743589743589743
2020.0,0.0,CENTRO EDUCATIVO BILINGÜE ILE,SAN JOSE CENTRAL,41,41,1.0
2020.0,0.0,SEMILLAS,CARTAGO,32,32,1.0
2020.0,0.0,CATOLICO SAN JOSE,NICOYA,69,68,0.9855072463768116
2020.0,0.0,PROFESOR SAUL CARDENAS CUBILLO,NICOYA,61,59,0.9672131147540983
2020.0,0.0,SAINT MARGARET SCHOOL,HEREDIA,109,109,1.0
2020.0,0.0,WESTLAND SCHOOL COLEGIO BILINGÜE,HEREDIA,61,61,1.0
2020.0,6634.0,C.T.P. DE ALAJUELITA,SAN JOSE CENTRAL,796,666,0.8366834170854272
2020.0,6633.0,C.T.P. DE BELEN,HEREDIA,223,223,1.0
2020.0,6635.0,C.T.P. DE SAN RAFAEL DE ALAJUELA,ALAJUELA,545,538,0.9871559633027523
2020.0,6636.0,LICEO RURAL TSIRURURI,TURRIALBA,91,91,1.0
2020.0,6625.0,LICEO RURAL JAK KSARI,TURRIALBA,134,134,1.0
2020.0,6631.0,UNIDAD PEDAGOGICA DANIEL ODUBER QUIROS,SAN JOSE OESTE,341,338,0.9912023460410557
2020.0,6632.0,UNIDAD PEDAGOGICA ISLA CABALLO,PUNTARENAS,27,27,1.0
2020.0,6624.0,LICEO RURAL SIKRIYöK,GRANDE DE TERRABA,83,83,1.0
2020.0,6538.0,SECCION NOCTURNA C.T.P. DE CAÑAS,CAÑAS,73,73,1.0
2020.0,0.0,AMERICANA SAN PATRICIO,PUNTARENAS,59,59,1.0
2020.0,6536.0,SECCION NOCTURNA C.T.P. ROSARIO DE NARANJO,OCCIDENTE,171,170,0.9941520467836257
2020.0,4191.0,SECCION NOCTURNA C.T.P. HEREDIA,HEREDIA,149,149,1.0
2020.0,6504.0,SECCION NOCTURNA C.T.P. SAN PEDRO DE BARVA,HEREDIA,65,60,0.9230769230769231
2020.0,6547.0,SECCION NOCTURNA C.T.P. DE ATENAS,ALAJUELA,135,129,0.9555555555555556
2020.0,6577.0,SECCION NOCTURNA C.T.P. DE PLATANAR,SAN CARLOS,73,73,1.0
2020.0,5818.0,SECCION NOCTURNA C.T.P. DE ESCAZU,SAN JOSE OESTE,116,90,0.7758620689655172
2020.0,6583.0,SECCION NOCTURNA C.T.P. BRAULIO ODIO HERRERA,DESAMPARADOS,62,56,0.9032258064516129
2020.0,6530.0,SECCION NOCTURNA C.T.P. DE PAVAS,SAN JOSE OESTE,224,149,0.6651785714285714
2020.0,6525.0,SECCION NOCTURNA C.T.P. SANTO DOMINGO,HEREDIA,110,110,1.0
2020.0,6584.0,SECCION NOCTURNA C.T.P. LAS PALMITAS,GUAPILES,85,85,1.0
2020.0,4220.0,SECCION NOCTURNA C.T.P. DE PUERTO JIMENEZ,COTO,124,124,1.0
2020.0,6579.0,SECCION NOCTURNA C.T.P. DE LIVERPOOL,LIMON,124,124,1.0
2020.0,6641.0,C.T.P. LA TIGRA,SAN CARLOS,451,412,0.9135254988913526
2020.0,6640.0,C.T.P. DE COPAL,NICOYA,120,120,1.0
2020.0,6639.0,C.T.P. DEL ESTE,HEREDIA,970,966,0.9958762886597938
2020.0,0.0,FRANZ LISZT SCHOOL AND KIWI LEARNING CENTRE,SAN JOSE OESTE,57,57,1.0
2020.0,0.0,C.T.P. C.I.T.,HEREDIA,407,407,1.0
2020.0,0.0,COSTA RICA INTERNATIONAL ACADEMY,SANTA CRUZ,103,103,1.0
2020.0,0.0,COLEGIO CIENTIFICO INTERAMERICANO SEDE EARTH,GUAPILES,62,62,1.0
2020.0,0.0,ARANDU SCHOOL,SAN JOSE OESTE,47,47,1.0
2020.0,6666.0,COLEGIO SAN FRANCISCO DE LA PALMERA,SAN CARLOS,153,151,0.9869281045751634
2020.0,6676.0,COLEGIO DE LEPANTO,PENINSULAR,190,190,1.0
2020.0,6667.0,LICEO RURAL PALACIOS,GUAPILES,45,44,0.9777777777777777
2020.0,0.0,LIGHTHOUSE INTERNATIONAL SCHOOL,SAN JOSE OESTE,56,56,1.0
2020.0,0.0,SISTEMA EDUCATIVO SOCIAL POSADA DE BELEN,ALAJUELA,27,27,1.0
2020.0,0.0,CENTRO EDUCATIVO SAN AGUSTIN,SAN JOSE OESTE,34,34,1.0
2020.0,0.0,LOVE AT WORK INTERNATIONAL CHRISTIAN SCHOOL,SAN JOSE CENTRAL,77,77,1.0
2020.0,0.0,SISTEMA EDUCATIVO CENIT,LIBERIA,107,107,1.0
2020.0,0.0,VIRGEN DE GUADALUPE,SAN JOSE CENTRAL,52,49,0.9423076923076923
2020.0,0.0,VALUES IN ACTION,SAN JOSE NORTE,86,86,1.0
2020.0,0.0,DOLPHINS ACADEMY SCHOOL,SANTA CRUZ,47,45,0.9574468085106383
2020.0,6524.0,SECCION NOCTURNA C.T.P. SAN ISIDRO DE HEREDIA,HEREDIA,105,105,1.0
2020.0,6641.0,SECCION NOCTURNA C.T.P. LA TIGRA,SAN CARLOS,85,80,0.9411764705882353
2020.0,6505.0,SECCION NOCTURNA C.T.P. DE PALMICHAL,PURISCAL,49,48,0.9795918367346939
2020.0,6742.0,LICEO DE SANTIAGO,CARTAGO,133,133,1.0
2020.0,6714.0,LICEO NUEVO DE PURISCAL,PURISCAL,116,112,0.9655172413793104
2020.0,6717.0,COLEGIO DE SIQUIRRES,LIMON,375,375,1.0
2020.0,6718.0,C.T.P. LA CARPIO,SAN JOSE OESTE,324,324,1.0
2020.0,6752.0,LICEO RURAL VARA BLANCA,HEREDIA,50,49,0.98
2020.0,6716.0,LICEO DE GUARARI,HEREDIA,538,529,0.983271375464684
2020.0,6719.0,C.T.P. HATILLO,SAN JOSE CENTRAL,153,153,1.0
2020.0,0.0,CONNELL ACADEMY,SAN JOSE OESTE,43,43,1.0
2020.0,0.0,INSTITUTO EDUCATIVO MODERNO,SAN JOSE CENTRAL,94,79,0.8404255319148937
2020.0,0.0,CENTRO EDUCATIVO YORI,SARAPIQUI,55,55,1.0
2020.0,6357.0,NIÑO JESUS DE BELEN,HEREDIA,64,64,1.0
2020.0,0.0,DEL MAR ACADEMY,NICOYA,54,54,1.0
2020.0,6796.0,COLEGIO DIURNO LA CRUZ,LIBERIA,265,265,1.0
2020.0,0.0,HUMANISTICO COSTARRICENSE-CAMPUS NICOYA,NICOYA,56,56,1.0
2020.0,0.0,VALLE AZUL,SAN JOSE OESTE,134,134,1.0
2020.0,0.0,BILINGUAL MULTIDISCIPLINARY SCHOOL,PEREZ ZELEDON,36,36,1.0
2020.0,0.0,HUMANISTICO COSTARRICENSE-CAMPUS SARAPIQUI,SARAPIQUI,50,50,1.0
2020.0,0.0,MONTEALTO,HEREDIA,55,54,0.9818181818181818
2020.0,0.0,SANTA CATALINA DE SENA,SAN JOSE OESTE,212,212,1.0
2020.0,0.0,CENTRO EDUCATIVO CARMEN LYRA,SAN CARLOS,85,84,0.9882352941176471
2020.0,6635.0,SECCION NOCTURNA C.T.P. SAN RAFAEL DE ALAJUELA,ALAJUELA,95,95,1.0
2020.0,6105.0,SECCION NOCTURNA C.T.P CARRIZAL,ALAJUELA,118,117,0.9915254237288136
2020.0,6842.0,LICEO RURAL ULUK KICHA,TURRIALBA,75,74,0.9866666666666667
2020.0,0.0,COLEGIO HERMOSA HIGH SCHOOL,PENINSULAR,49,49,1.0
2020.0,0.0,GREDOS SAN DIEGO INTERNATIONAL SCHOOL,ALAJUELA,172,172,1.0
2020.0,0.0,TREE OF LIFE LEARNING CENTER,SAN JOSE OESTE,61,61,1.0
2020.0,6532.0,SECCION NOCTURNA C.T.P. AMBIENTALI ISAIAS RETANA,PEREZ ZELEDON,147,141,0.9591836734693877
2020.0,4169.0,SECCION NOCTURNA C.T.P. GENERAL VIEJO,PEREZ ZELEDON,122,122,1.0
2020.0,0.0,NEW HORIZON CHRISTIAN SCHO0L,PURISCAL,28,28,1.0
2020.0,0.0,CENTRO DE APRENDIZAJE EDUCARTE,SANTA CRUZ,60,60,1.0
2020.0,6959.0,LICEO TAMBOR DE COBANO,PENINSULAR,43,43,1.0
2020.0,6987.0,LICEO RURAL NAIRI AWARI,SULA,24,24,1.0
2020.0,0.0,CIENTIFICO DE COSTA RICA DE SAN VITO -UNED-,COTO,27,27,1.0
2020.0,0.0,CIMA DE HORIZONTES,HEREDIA,14,14,1.0
